Feature,Duration,SHAP_value,Normalized_Importance,Sum_Normalized_Importance,Type
Radial Distance from Sun,10,0.085107446,0.085107439616942,1.0,IBS_N
Electronic Box Temperature,10,0.056432366,0.0564323617675728,1.0,IBS_N
Outboard Sensor Temperature,10,0.036360063,0.0363600602729954,1.0,IBS_N
Inboard Sensor Temperature,10,0.16509114,0.1650911276181654,1.0,IBS_N
Outboard Sensor minus Inboard Sensor Temp.,10,0.06335804,0.0633580352481473,1.0,IBS_N
Heater Dutycycle,10,0.2269973,0.2269972829752038,1.0,IBS_N
Search Coil Magnetometer's Temperature,10,0.09819336,0.0981933526354985,1.0,IBS_N
Solar Array's Angle,10,0.1371333,0.1371332897150033,1.0,IBS_N
High Gain Antenna Azimuth,10,0.05200119,0.052001186099911,1.0,IBS_N
High Gain Antenna elevation,10,0.07932587,0.0793258640505602,1.0,IBS_N
Radial Distance from Sun,20,0.064722836,0.0647228432489584,1.0,IBS_N
Electronic Box Temperature,20,0.24451691,0.2445169373858969,1.0,IBS_N
Outboard Sensor Temperature,20,0.06512493,0.0651249372939929,1.0,IBS_N
Inboard Sensor Temperature,20,0.059913002,0.0599130087102569,1.0,IBS_N
Outboard Sensor minus Inboard Sensor Temp.,20,0.079064034,0.0790640428551728,1.0,IBS_N
Heater Dutycycle,20,0.046819396,0.0468194012437729,1.0,IBS_N
Search Coil Magnetometer's Temperature,20,0.19269034,0.1926903615813204,1.0,IBS_N
Solar Array's Angle,20,0.01420743,0.0142074315912323,1.0,IBS_N
High Gain Antenna Azimuth,20,0.14321375,0.1432137660399418,1.0,IBS_N
High Gain Antenna elevation,20,0.08972726,0.0897272700494542,1.0,IBS_N
Radial Distance from Sun,30,0.053174965,0.0531749697325723,1.0,IBS_N
Electronic Box Temperature,30,0.32869023,0.3286902592534331,1.0,IBS_N
Outboard Sensor Temperature,30,0.070562266,0.0705622722800422,1.0,IBS_N
Inboard Sensor Temperature,30,0.02937216,0.0293721626141224,1.0,IBS_N
Outboard Sensor minus Inboard Sensor Temp.,30,0.052867766,0.0528677707052315,1.0,IBS_N
Heater Dutycycle,30,0.02849613,0.0284961325361557,1.0,IBS_N
Search Coil Magnetometer's Temperature,30,0.129365,0.129365011513486,1.0,IBS_N
Solar Array's Angle,30,0.005113184,0.0051131844550734,1.0,IBS_N
High Gain Antenna Azimuth,30,0.21036595,0.2103659687225711,1.0,IBS_N
High Gain Antenna elevation,30,0.09199226,0.0919922681873118,1.0,IBS_N
Radial Distance from Sun,40,0.055813428,0.0558134245395676,1.0,IBS_N
Electronic Box Temperature,40,0.27727756,0.2772775428087923,1.0,IBS_N
Solar Wind Analyser temperature,40,0.023374738,0.0233747365507663,1.0,IBS_N
Outboard Sensor Temperature,40,0.031437464,0.0314374620508773,1.0,IBS_N
Inboard Sensor Temperature,40,0.030355796,0.0303557941179407,1.0,IBS_N
Outboard Sensor minus Inboard Sensor Temp.,40,0.14012557,0.1401255613122152,1.0,IBS_N
Heater Dutycycle,40,0.023324706,0.0233247045538683,1.0,IBS_N
Search Coil Magnetometer's Temperature,40,0.06855863,0.0685586257493651,1.0,IBS_N
High Gain Antenna Azimuth,40,0.25000855,0.2500085344994708,1.0,IBS_N
High Gain Antenna elevation,40,0.09972362,0.0997236138171359,1.0,IBS_N
Radial Distance from Sun,50,0.046239704,0.046239704,1.0,IBS_N
Electronic Box Temperature,50,0.29921377,0.29921377,1.0,IBS_N
Outboard Sensor Temperature,50,0.025051214,0.025051214,1.0,IBS_N
Inboard Sensor Temperature,50,0.027544258,0.027544258,1.0,IBS_N
Outboard Sensor minus Inboard Sensor Temp.,50,0.17495143,0.17495143,1.0,IBS_N
Heater Dutycycle,50,0.02138072,0.02138072,1.0,IBS_N
Search Coil Magnetometer's Temperature,50,0.059951488,0.059951488,1.0,IBS_N
Solar Array's Angle,50,0.008944336,0.008944336,1.0,IBS_N
High Gain Antenna Azimuth,50,0.23032697,0.23032697,1.0,IBS_N
High Gain Antenna elevation,50,0.10639611,0.10639611,1.0,IBS_N
Radial Distance from Sun,60,0.06926148,0.0692614802770459,1.0000000000000002,IBS_N
Electronic Box Temperature,60,0.31125316,0.3112531612450127,1.0000000000000002,IBS_N
Solar Wind Analyser temperature,60,0.017603783,0.0176037830704151,1.0000000000000002,IBS_N
Outboard Sensor Temperature,60,0.0381868,0.0381868001527472,1.0000000000000002,IBS_N
Inboard Sensor Temperature,60,0.017712688,0.0177126880708507,1.0000000000000002,IBS_N
Outboard Sensor minus Inboard Sensor Temp.,60,0.17326117,0.1732611706930447,1.0000000000000002,IBS_N
Heater Dutycycle,60,0.011522957,0.0115229570460918,1.0000000000000002,IBS_N
Search Coil Magnetometer's Temperature,60,0.051938828,0.0519388282077553,1.0000000000000002,IBS_N
High Gain Antenna Azimuth,60,0.20654036,0.2065403608261614,1.0000000000000002,IBS_N
High Gain Antenna elevation,60,0.10271877,0.1027187704108751,1.0000000000000002,IBS_N
Radial Distance from Sun,70,0.06118408,0.0611840807097353,1.0,IBS_N
Electronic Box Temperature,70,0.23483104,0.2348310427240401,1.0,IBS_N
Outboard Sensor Temperature,70,0.0685939,0.0685939007956892,1.0,IBS_N
Inboard Sensor Temperature,70,0.058565043,0.0585650436793545,1.0,IBS_N
Outboard Sensor minus Inboard Sensor Temp.,70,0.086183995,0.0861839959997343,1.0,IBS_N
Heater Dutycycle,70,0.022244355,0.0222443552580345,1.0,IBS_N
Search Coil Magnetometer's Temperature,70,0.04106583,0.0410658304763636,1.0,IBS_N
Solar Array's Angle,70,0.0063576754,0.006357675473749,1.0,IBS_N
High Gain Antenna Azimuth,70,0.27622315,0.2762231532041885,1.0,IBS_N
High Gain Antenna elevation,70,0.14475092,0.1447509216791107,1.0,IBS_N
Radial Distance from Sun,80,0.0592705,0.0592704998221884,1.0,IBS_N
Electronic Box Temperature,80,0.20395382,0.2039538193881385,1.0,IBS_N
Outboard Sensor Temperature,80,0.0621339,0.0621338998135983,1.0,IBS_N
Inboard Sensor Temperature,80,0.09873277,0.0987327697038016,1.0,IBS_N
Outboard Sensor minus Inboard Sensor Temp.,80,0.08215955,0.0821595497535213,1.0,IBS_N
Heater Dutycycle,80,0.025473898,0.0254738979235783,1.0,IBS_N
Search Coil Magnetometer's Temperature,80,0.04482683,0.0448268298655195,1.0,IBS_N
Solar Array's Angle,80,0.005326155,0.0053261549840215,1.0,IBS_N
High Gain Antenna Azimuth,80,0.283485,0.283484999149545,1.0,IBS_N
High Gain Antenna elevation,80,0.13463758,0.1346375795960872,1.0,IBS_N
Radial Distance from Sun,90,0.058736783,0.0587367849383139,1.0,IBS_N
Electronic Box Temperature,90,0.18818088,0.1881808862099692,1.0,IBS_N
Outboard Sensor Temperature,90,0.05702844,0.0570284418819385,1.0,IBS_N
Inboard Sensor Temperature,90,0.062906116,0.0629061180759018,1.0,IBS_N
Outboard Sensor minus Inboard Sensor Temp.,90,0.094579875,0.0945798781211359,1.0,IBS_N
Heater Dutycycle,90,0.054272458,0.0542724597909911,1.0,IBS_N
Search Coil Magnetometer's Temperature,90,0.043579426,0.0435794274381211,1.0,IBS_N
Solar Array's Angle,90,0.008797229,0.0087972292903085,1.0,IBS_N
High Gain Antenna Azimuth,90,0.29671,0.2967100097914303,1.0,IBS_N
High Gain Antenna elevation,90,0.13520876,0.1352087644618892,1.0,IBS_N
Radial Distance from Sun,100,0.07046005,0.0704600540866831,1.0,IBS_N
Electronic Box Temperature,100,0.1729068,0.172906810028595,1.0,IBS_N
Outboard Sensor Temperature,100,0.07573415,0.0757341543925809,1.0,IBS_N
Inboard Sensor Temperature,100,0.03326102,0.0332610219291392,1.0,IBS_N
Outboard Sensor minus Inboard Sensor Temp.,100,0.102869354,0.1028693599664229,1.0,IBS_N
Heater Dutycycle,100,0.05276033,0.0527603330600993,1.0,IBS_N
Search Coil Magnetometer's Temperature,100,0.041256644,0.0412566463928854,1.0,IBS_N
Solar Array's Angle,100,0.008008744,0.0080087444645071,1.0,IBS_N
High Gain Antenna Azimuth,100,0.29626283,0.2962628471832451,1.0,IBS_N
High Gain Antenna elevation,100,0.14648002,0.1464800284958416,1.0,IBS_N
Radial Distance from Sun,110,0.07137247,0.071372474068231,1.0,IBS_N
Electronic Box Temperature,110,0.17311987,0.1731198798678331,1.0,IBS_N
Outboard Sensor Temperature,110,0.05422916,0.0542291630910622,1.0,IBS_N
Inboard Sensor Temperature,110,0.045945637,0.0459456396189014,1.0,IBS_N
Outboard Sensor minus Inboard Sensor Temp.,110,0.0989255,0.0989255056387538,1.0,IBS_N
Heater Dutycycle,110,0.08055631,0.0805563145917099,1.0,IBS_N
Search Coil Magnetometer's Temperature,110,0.03538278,0.0353827820168185,1.0,IBS_N
Solar Array's Angle,110,0.008142486,0.0081424864641217,1.0,IBS_N
High Gain Antenna Azimuth,110,0.29128256,0.2912825766031068,1.0,IBS_N
High Gain Antenna elevation,110,0.14104317,0.1410431780394611,1.0,IBS_N
Radial Distance from Sun,120,0.068879366,0.0688793663443968,1.0,IBS_N
Electronic Box Temperature,120,0.1829384,0.182938400914692,1.0,IBS_N
Outboard Sensor Temperature,120,0.033563327,0.0335633271678166,1.0,IBS_N
Inboard Sensor Temperature,120,0.065008946,0.0650089463250447,1.0,IBS_N
Outboard Sensor minus Inboard Sensor Temp.,120,0.113633774,0.1136337745681688,1.0,IBS_N
Heater Dutycycle,120,0.08440624,0.0844062404220312,1.0,IBS_N
Search Coil Magnetometer's Temperature,120,0.032746274,0.0327462741637313,1.0,IBS_N
Solar Array's Angle,120,0.013230298,0.0132302980661514,1.0,IBS_N
High Gain Antenna Azimuth,120,0.28162616,0.2816261614081308,1.0,IBS_N
High Gain Antenna elevation,120,0.12396721,0.123967210619836,1.0,IBS_N
Radial Distance from Sun,130,0.06937156,0.0693715633992066,1.0,IBS_N
Electronic Box Temperature,130,0.23387012,0.2338701314596364,1.0,IBS_N
Outboard Sensor Temperature,130,0.039574523,0.0395745249391517,1.0,IBS_N
Inboard Sensor Temperature,130,0.06366857,0.06366857311976,1.0,IBS_N
Outboard Sensor minus Inboard Sensor Temp.,130,0.10614251,0.1061425152009832,1.0,IBS_N
Heater Dutycycle,130,0.07244851,0.0724485135499771,1.0,IBS_N
Search Coil Magnetometer's Temperature,130,0.029854288,0.0298542894628601,1.0,IBS_N
Solar Array's Angle,130,0.0218451,0.0218451010704099,1.0,IBS_N
High Gain Antenna Azimuth,130,0.3007345,0.3007345147359913,1.0,IBS_N
High Gain Antenna elevation,130,0.06249027,0.0624902730620233,1.0,IBS_N
Radial Distance from Sun,140,0.07651276,0.0765127599234872,1.0000000000000002,IBS_N
Electronic Box Temperature,140,0.21599482,0.2159948197840052,1.0000000000000002,IBS_N
Outboard Sensor Temperature,140,0.029933937,0.029933936970066,1.0000000000000002,IBS_N
Inboard Sensor Temperature,140,0.061076395,0.0610763949389236,1.0000000000000002,IBS_N
Outboard Sensor minus Inboard Sensor Temp.,140,0.10801111,0.1080111098919889,1.0000000000000002,IBS_N
Heater Dutycycle,140,0.096756384,0.0967563839032436,1.0000000000000002,IBS_N
Search Coil Magnetometer's Temperature,140,0.03089256,0.0308925599691074,1.0000000000000002,IBS_N
Solar Array's Angle,140,0.024097875,0.0240978749759021,1.0000000000000002,IBS_N
High Gain Antenna Azimuth,140,0.29467213,0.2946721297053279,1.0000000000000002,IBS_N
High Gain Antenna elevation,140,0.06205203,0.0620520299379479,1.0000000000000002,IBS_N
Radial Distance from Sun,150,0.09218988,0.092189877695253,1.0,IBS_N
Electronic Box Temperature,150,0.19631346,0.1963134550921636,1.0,IBS_N
Outboard Sensor Temperature,150,0.029970001,0.0299700002507499,1.0,IBS_N
Inboard Sensor Temperature,150,0.048837405,0.0488374037790649,1.0,IBS_N
Outboard Sensor minus Inboard Sensor Temp.,150,0.12710364,0.127103636822409,1.0,IBS_N
Heater Dutycycle,150,0.11644207,0.1164420670889483,1.0,IBS_N
Search Coil Magnetometer's Temperature,150,0.0303072,0.03030719924232,1.0,IBS_N
Solar Array's Angle,150,0.023045989,0.0230459884238502,1.0,IBS_N
High Gain Antenna Azimuth,150,0.27254632,0.2725463131863421,1.0,IBS_N
High Gain Antenna elevation,150,0.06324406,0.0632440584188985,1.0,IBS_N
Radial Distance from Sun,160,0.103614345,0.10361435380722,1.0,IBS_N
Electronic Box Temperature,160,0.21112245,0.2111224679454098,1.0,IBS_N
Outboard Sensor Temperature,160,0.020752475,0.0207524767639605,1.0,IBS_N
Inboard Sensor Temperature,160,0.11722639,0.117226399964244,1.0,IBS_N
Outboard Sensor minus Inboard Sensor Temp.,160,0.107995465,0.1079954741796153,1.0,IBS_N
Heater Dutycycle,160,0.056489803,0.0564898078016336,1.0,IBS_N
Search Coil Magnetometer's Temperature,160,0.029240023,0.0292400254854021,1.0,IBS_N
Solar Array's Angle,160,0.018716764,0.018716765590925,1.0,IBS_N
High Gain Antenna Azimuth,160,0.27178845,0.2717884731020202,1.0,IBS_N
High Gain Antenna elevation,160,0.06305375,0.0630537553595692,1.0,IBS_N
Radial Distance from Sun,170,0.31500214,0.3150021491350623,1.0,IBS_N
Electronic Box Temperature,170,0.10209781,0.1020978129608365,1.0,IBS_N
Outboard Sensor Temperature,170,0.028402997,0.0284029978236869,1.0,IBS_N
Inboard Sensor Temperature,170,0.07405953,0.0740595321477264,1.0,IBS_N
Outboard Sensor minus Inboard Sensor Temp.,170,0.158956,0.1589560046097241,1.0,IBS_N
Heater Dutycycle,170,0.05088325,0.0508832514756142,1.0,IBS_N
Search Coil Magnetometer's Temperature,170,0.028580308,0.0285803088288289,1.0,IBS_N
Solar Array's Angle,170,0.057585776,0.0575857776699875,1.0,IBS_N
High Gain Antenna Azimuth,170,0.12327042,0.1232704235748423,1.0,IBS_N
High Gain Antenna elevation,170,0.06116174,0.0611617417736905,1.0,IBS_N
Radial Distance from Sun,180,0.27942136,0.2794213686620624,1.0,IBS_N
Electronic Box Temperature,180,0.11735761,0.117357613638086,1.0,IBS_N
Outboard Sensor Temperature,180,0.03671537,0.0367153711381765,1.0,IBS_N
Inboard Sensor Temperature,180,0.054735176,0.0547351776967905,1.0,IBS_N
Outboard Sensor minus Inboard Sensor Temp.,180,0.15471986,0.1547198647963158,1.0,IBS_N
Heater Dutycycle,180,0.052424002,0.0524240036251441,1.0,IBS_N
Search Coil Magnetometer's Temperature,180,0.044197246,0.0441972473701146,1.0,IBS_N
Solar Array's Angle,180,0.10724874,0.107248743324711,1.0,IBS_N
High Gain Antenna Azimuth,180,0.090441205,0.0904412078036774,1.0,IBS_N
High Gain Antenna elevation,180,0.0627394,0.0627394019449214,1.0,IBS_N
Radial Distance from Sun,10,0.11260438,0.1126043805630219,1.0,IBS_R
Electronic Box Temperature,10,0.20123757,0.2012375710061878,1.0,IBS_R
Outboard Sensor Temperature,10,0.054779075,0.0547790752738953,1.0,IBS_R
Inboard Sensor Temperature,10,0.07355747,0.0735574703677873,1.0,IBS_R
Outboard Sensor minus Inboard Sensor Temp.,10,0.09362335,0.0936233504681167,1.0,IBS_R
Heater Dutycycle,10,0.12287732,0.1228773206143865,1.0,IBS_R
Search Coil Magnetometer's Temperature,10,0.09784317,0.0978431704892158,1.0,IBS_R
Solar Array's Angle,10,0.03936297,0.0393629701968148,1.0,IBS_R
High Gain Antenna Azimuth,10,0.12752037,0.1275203706376018,1.0,IBS_R
High Gain Antenna elevation,10,0.07659432,0.0765943203829715,1.0,IBS_R
Radial Distance from Sun,20,0.18290797,0.1829079747556073,1.0,IBS_R
Electronic Box Temperature,20,0.0887298,0.0887298023069748,1.0,IBS_R
Outboard Sensor Temperature,20,0.058637816,0.0586378175245832,1.0,IBS_R
Inboard Sensor Temperature,20,0.080220975,0.0802209770857454,1.0,IBS_R
Outboard Sensor minus Inboard Sensor Temp.,20,0.1481382,0.1481382038515933,1.0,IBS_R
Heater Dutycycle,20,0.098133266,0.0981332685514649,1.0,IBS_R
Search Coil Magnetometer's Temperature,20,0.121176384,0.121176387150586,1.0,IBS_R
Solar Array's Angle,20,0.016095703,0.0160957034184882,1.0,IBS_R
High Gain Antenna Azimuth,20,0.10676521,0.1067652127758955,1.0,IBS_R
High Gain Antenna elevation,20,0.09919465,0.0991946525790609,1.0,IBS_R
Radial Distance from Sun,30,0.26374945,0.2637494455162594,1.0,IBS_R
Electronic Box Temperature,30,0.19184871,0.191848706738572,1.0,IBS_R
Outboard Sensor Temperature,30,0.03633419,0.0363341893823187,1.0,IBS_R
Inboard Sensor Temperature,30,0.07856951,0.0785695086643183,1.0,IBS_R
Outboard Sensor minus Inboard Sensor Temp.,30,0.082871474,0.0828714725911849,1.0,IBS_R
Heater Dutycycle,30,0.049525782,0.0495257811580617,1.0,IBS_R
Search Coil Magnetometer's Temperature,30,0.09812433,0.0981243283318864,1.0,IBS_R
Solar Array's Angle,30,0.013718731,0.0137187307667815,1.0,IBS_R
High Gain Antenna Azimuth,30,0.11535257,0.1153525680390063,1.0,IBS_R
High Gain Antenna elevation,30,0.06990527,0.0699052688116104,1.0,IBS_R
Radial Distance from Sun,40,0.20179372,0.2017937175784754,1.0000000000000002,IBS_R
Electronic Box Temperature,40,0.26504347,0.2650434668194784,1.0000000000000002,IBS_R
Outboard Sensor Temperature,40,0.063090086,0.063090085242919,1.0000000000000002,IBS_R
Inboard Sensor Temperature,40,0.09201737,0.0920173688957915,1.0000000000000002,IBS_R
Outboard Sensor minus Inboard Sensor Temp.,40,0.054657727,0.0546577263441072,1.0000000000000002,IBS_R
Heater Dutycycle,40,0.067265324,0.0672653231928161,1.0000000000000002,IBS_R
Search Coil Magnetometer's Temperature,40,0.07119594,0.0711959391456487,1.0000000000000002,IBS_R
Solar Array's Angle,40,0.038362347,0.0383623465396518,1.0000000000000002,IBS_R
High Gain Antenna Azimuth,40,0.097031884,0.0970318828356174,1.0000000000000002,IBS_R
High Gain Antenna elevation,40,0.049542144,0.0495421434054942,1.0000000000000002,IBS_R
Radial Distance from Sun,50,0.15100522,0.1510052261912143,1.0,IBS_R
Electronic Box Temperature,50,0.30613223,0.3061322425514219,1.0,IBS_R
Outboard Sensor Temperature,50,0.075877905,0.0758779081109942,1.0,IBS_R
Inboard Sensor Temperature,50,0.121183395,0.1211833999685194,1.0,IBS_R
Outboard Sensor minus Inboard Sensor Temp.,50,0.06731018,0.0673101827597175,1.0,IBS_R
Heater Dutycycle,50,0.061600283,0.0616002855256117,1.0,IBS_R
Search Coil Magnetometer's Temperature,50,0.05495853,0.0549585322532998,1.0,IBS_R
Solar Array's Angle,50,0.04755607,0.0475560719497989,1.0,IBS_R
High Gain Antenna Azimuth,50,0.049514916,0.0495149180301116,1.0,IBS_R
High Gain Antenna elevation,50,0.06486123,0.0648612326593105,1.0,IBS_R
Radial Distance from Sun,60,0.13768262,0.1376826147680606,1.0000000000000002,IBS_R
Electronic Box Temperature,60,0.32020083,0.320200817832369,1.0000000000000002,IBS_R
Outboard Sensor Temperature,60,0.07929225,0.0792922469868946,1.0000000000000002,IBS_R
Inboard Sensor Temperature,60,0.08347989,0.0834798868277643,1.0000000000000002,IBS_R
Outboard Sensor minus Inboard Sensor Temp.,60,0.0863687,0.0863686967179895,1.0000000000000002,IBS_R
Heater Dutycycle,60,0.0486141,0.0486140981526642,1.0000000000000002,IBS_R
Search Coil Magnetometer's Temperature,60,0.036268182,0.0362681806218091,1.0000000000000002,IBS_R
Solar Array's Angle,60,0.032482952,0.0324829507656478,1.0000000000000002,IBS_R
High Gain Antenna Azimuth,60,0.08302469,0.0830246868450619,1.0000000000000002,IBS_R
High Gain Antenna elevation,60,0.092585824,0.0925858204817388,1.0000000000000002,IBS_R
Radial Distance from Sun,70,0.15673323,0.1567332323509984,1.0,IBS_R
Electronic Box Temperature,70,0.32226032,0.3222603248339049,1.0,IBS_R
Outboard Sensor Temperature,70,0.121455096,0.1214550978218264,1.0,IBS_R
Inboard Sensor Temperature,70,0.06616782,0.0661678209925173,1.0,IBS_R
Outboard Sensor minus Inboard Sensor Temp.,70,0.05242835,0.0524283507864252,1.0,IBS_R
Heater Dutycycle,70,0.028751882,0.0287518824312782,1.0,IBS_R
Search Coil Magnetometer's Temperature,70,0.057676207,0.0576762078651431,1.0,IBS_R
Solar Array's Angle,70,0.04161757,0.0416175706242635,1.0,IBS_R
High Gain Antenna Azimuth,70,0.08706943,0.0870694313060414,1.0,IBS_R
High Gain Antenna elevation,70,0.06584008,0.0658400809876012,1.0,IBS_R
Radial Distance from Sun,80,0.12111108,0.1211110636500064,1.0,IBS_R
Electronic Box Temperature,80,0.30805624,0.3080561984124131,1.0,IBS_R
Outboard Sensor Temperature,80,0.10496352,0.1049635058299267,1.0,IBS_R
Inboard Sensor Temperature,80,0.0813785,0.0813784890139039,1.0,IBS_R
Outboard Sensor minus Inboard Sensor Temp.,80,0.0909588,0.0909587877205636,1.0,IBS_R
Heater Dutycycle,80,0.032360777,0.0323607726312956,1.0,IBS_R
Search Coil Magnetometer's Temperature,80,0.06364005,0.0636400414085944,1.0,IBS_R
Solar Array's Angle,80,0.043427967,0.0434279611372252,1.0,IBS_R
High Gain Antenna Azimuth,80,0.059086155,0.0590861470233701,1.0,IBS_R
High Gain Antenna elevation,80,0.095017046,0.0950170331727005,1.0,IBS_R
Radial Distance from Sun,90,0.10746469,0.1074646922567585,1.0,IBS_R
Electronic Box Temperature,90,0.28169054,0.2816905459155014,1.0,IBS_R
Outboard Sensor Temperature,90,0.08997911,0.0899791118895613,1.0,IBS_R
Inboard Sensor Temperature,90,0.09558472,0.0955847220072791,1.0,IBS_R
Outboard Sensor minus Inboard Sensor Temp.,90,0.11359662,0.113596622385529,1.0,IBS_R
Heater Dutycycle,90,0.02613196,0.0261319605487711,1.0,IBS_R
Search Coil Magnetometer's Temperature,90,0.06405721,0.0640572113452014,1.0,IBS_R
Solar Array's Angle,90,0.051258024,0.0512580250764185,1.0,IBS_R
High Gain Antenna Azimuth,90,0.07689083,0.0768908316147074,1.0,IBS_R
High Gain Antenna elevation,90,0.093346275,0.0933462769602718,1.0,IBS_R
Radial Distance from Sun,100,0.119190946,0.1191909392061164,1.0,IBS_R
Electronic Box Temperature,100,0.27985555,0.2798555340482345,1.0,IBS_R
Outboard Sensor Temperature,100,0.07604095,0.076040945665666,1.0,IBS_R
Inboard Sensor Temperature,100,0.11251174,0.1125117335868311,1.0,IBS_R
Outboard Sensor minus Inboard Sensor Temp.,100,0.083768435,0.0837684302251994,1.0,IBS_R
Heater Dutycycle,100,0.02408769,0.0240876886270017,1.0,IBS_R
Search Coil Magnetometer's Temperature,100,0.042204976,0.0422049735943165,1.0,IBS_R
Solar Array's Angle,100,0.07101215,0.0710121459523076,1.0,IBS_R
High Gain Antenna Azimuth,100,0.0856493,0.0856492951179901,1.0,IBS_R
High Gain Antenna elevation,100,0.10567832,0.1056783139763361,1.0,IBS_R
Radial Distance from Sun,110,0.067271434,0.0672714323854856,1.0,IBS_R
Electronic Box Temperature,110,0.2513313,0.2513312939680489,1.0,IBS_R
Outboard Sensor Temperature,110,0.06562709,0.0656270884249498,1.0,IBS_R
Inboard Sensor Temperature,110,0.07493883,0.0749388282014681,1.0,IBS_R
Outboard Sensor minus Inboard Sensor Temp.,110,0.15408622,0.1540862163019308,1.0,IBS_R
Heater Dutycycle,110,0.037143625,0.037143624108553,1.0,IBS_R
Search Coil Magnetometer's Temperature,110,0.030517241,0.0305172402675862,1.0,IBS_R
Solar Array's Angle,110,0.11262179,0.1126217872970771,1.0,IBS_R
High Gain Antenna Azimuth,110,0.11075843,0.1107584273417977,1.0,IBS_R
High Gain Antenna elevation,110,0.095704064,0.0957040617031025,1.0,IBS_R
Radial Distance from Sun,120,0.05331514,0.0533151393602183,1.0000000000000002,IBS_R
Electronic Box Temperature,120,0.21145551,0.2114555074625339,1.0000000000000002,IBS_R
Outboard Sensor Temperature,120,0.046628155,0.0466281544404621,1.0000000000000002,IBS_R
Inboard Sensor Temperature,120,0.07812693,0.0781269290624768,1.0000000000000002,IBS_R
Outboard Sensor minus Inboard Sensor Temp.,120,0.18640515,0.1864051477631382,1.0000000000000002,IBS_R
Heater Dutycycle,120,0.049494464,0.0494944634060664,1.0000000000000002,IBS_R
Search Coil Magnetometer's Temperature,120,0.035142493,0.03514249257829,1.0000000000000002,IBS_R
Solar Array's Angle,120,0.14114091,0.1411409083063091,1.0000000000000002,IBS_R
High Gain Antenna Azimuth,120,0.09931283,0.099312828808246,1.0000000000000002,IBS_R
High Gain Antenna elevation,120,0.09897843,0.0989784288122588,1.0000000000000002,IBS_R
Radial Distance from Sun,130,0.100806005,0.100806005,1.0,IBS_R
Electronic Box Temperature,130,0.17533208,0.17533208,1.0,IBS_R
Outboard Sensor Temperature,130,0.05085952,0.05085952,1.0,IBS_R
Inboard Sensor Temperature,130,0.058461476,0.058461476,1.0,IBS_R
Outboard Sensor minus Inboard Sensor Temp.,130,0.14762817,0.14762817,1.0,IBS_R
Heater Dutycycle,130,0.028262436,0.028262436,1.0,IBS_R
Search Coil Magnetometer's Temperature,130,0.056674603,0.056674603,1.0,IBS_R
Solar Array's Angle,130,0.17878045,0.17878045,1.0,IBS_R
High Gain Antenna Azimuth,130,0.0877854,0.0877854,1.0,IBS_R
High Gain Antenna elevation,130,0.11540986,0.11540986,1.0,IBS_R
Radial Distance from Sun,140,0.096494906,0.0964949097633014,1.0,IBS_R
Electronic Box Temperature,140,0.11982646,0.1198264646732321,1.0,IBS_R
Outboard Sensor Temperature,140,0.03362388,0.0336238813113313,1.0,IBS_R
Inboard Sensor Temperature,140,0.07025904,0.0702590427401026,1.0,IBS_R
Outboard Sensor minus Inboard Sensor Temp.,140,0.20289859,0.2028985979130453,1.0,IBS_R
Heater Dutycycle,140,0.046128925,0.0461289267990281,1.0,IBS_R
Search Coil Magnetometer's Temperature,140,0.075603254,0.075603256948527,1.0,IBS_R
Solar Array's Angle,140,0.13939266,0.1393926654363139,1.0,IBS_R
High Gain Antenna Azimuth,140,0.103203826,0.1032038300249493,1.0,IBS_R
High Gain Antenna elevation,140,0.11256842,0.1125684243901685,1.0,IBS_R
Radial Distance from Sun,150,0.06642898,0.0664289800664289,1.0000000000000002,IBS_R
Electronic Box Temperature,150,0.14385028,0.1438502801438503,1.0000000000000002,IBS_R
Outboard Sensor Temperature,150,0.048019987,0.0480199870480199,1.0000000000000002,IBS_R
Inboard Sensor Temperature,150,0.06935063,0.0693506300693506,1.0000000000000002,IBS_R
Outboard Sensor minus Inboard Sensor Temp.,150,0.11045876,0.1104587601104587,1.0000000000000002,IBS_R
Heater Dutycycle,150,0.06278021,0.0627802100627802,1.0000000000000002,IBS_R
Search Coil Magnetometer's Temperature,150,0.046989772,0.0469897720469897,1.0000000000000002,IBS_R
Solar Array's Angle,150,0.25149605,0.2514960502514961,1.0000000000000002,IBS_R
High Gain Antenna Azimuth,150,0.0862875,0.0862875000862875,1.0000000000000002,IBS_R
High Gain Antenna elevation,150,0.11433783,0.1143378301143378,1.0000000000000002,IBS_R
Radial Distance from Sun,160,0.06592194,0.0659219397363122,1.0,IBS_R
Electronic Box Temperature,160,0.14028907,0.1402890694388437,1.0,IBS_R
Outboard Sensor Temperature,160,0.061629444,0.0616294437534822,1.0,IBS_R
Inboard Sensor Temperature,160,0.05840574,0.058405739766377,1.0,IBS_R
Outboard Sensor minus Inboard Sensor Temp.,160,0.09557523,0.095575229617699,1.0,IBS_R
Heater Dutycycle,160,0.09479167,0.0947916696208333,1.0,IBS_R
Search Coil Magnetometer's Temperature,160,0.05280237,0.0528023697887905,1.0,IBS_R
Solar Array's Angle,160,0.24008286,0.2400828590396685,1.0,IBS_R
High Gain Antenna Azimuth,160,0.07344002,0.0734400197062399,1.0,IBS_R
High Gain Antenna elevation,160,0.11706166,0.1170616595317533,1.0,IBS_R
Radial Distance from Sun,170,0.08588984,0.0858898452392805,1.0,IBS_R
Electronic Box Temperature,170,0.10798891,0.1079889165873239,1.0,IBS_R
Outboard Sensor Temperature,170,0.03261592,0.0326159219895712,1.0,IBS_R
Inboard Sensor Temperature,170,0.07127694,0.0712769443478936,1.0,IBS_R
Outboard Sensor minus Inboard Sensor Temp.,170,0.10322049,0.1032204962964502,1.0,IBS_R
Heater Dutycycle,170,0.07380929,0.0738092945023669,1.0,IBS_R
Search Coil Magnetometer's Temperature,170,0.101255454,0.101255460176583,1.0,IBS_R
Solar Array's Angle,170,0.22390845,0.2239084636584163,1.0,IBS_R
High Gain Antenna Azimuth,170,0.074197195,0.0741971995260291,1.0,IBS_R
High Gain Antenna elevation,170,0.12583745,0.1258374576760849,1.0,IBS_R
Radial Distance from Sun,180,0.07351573,0.0735157271328866,1.0,IBS_R
Electronic Box Temperature,180,0.09208876,0.0920887564085385,1.0,IBS_R
Outboard Sensor Temperature,180,0.027470972,0.0274709709286321,1.0,IBS_R
Inboard Sensor Temperature,180,0.086754784,0.0867547806165635,1.0,IBS_R
Outboard Sensor minus Inboard Sensor Temp.,180,0.119461805,0.1194618003409898,1.0,IBS_R
Heater Dutycycle,180,0.048362948,0.0483629461138451,1.0,IBS_R
Search Coil Magnetometer's Temperature,180,0.14157917,0.1415791644784126,1.0,IBS_R
Solar Array's Angle,180,0.22749557,0.2274955611276731,1.0,IBS_R
High Gain Antenna Azimuth,180,0.07620373,0.0762037270280546,1.0,IBS_R
High Gain Antenna elevation,180,0.10706657,0.1070665658244039,1.0,IBS_R
Electronic Box Temperature,10,0.066318125,0.0663181248673637,0.9999999999999998,IBS_T
Solar Wind Analyser temperature,10,0.046329662,0.0463296619073406,0.9999999999999998,IBS_T
Outboard Sensor Temperature,10,0.12817962,0.1281796197436407,0.9999999999999998,IBS_T
Inboard Sensor Temperature,10,0.07898933,0.0789893298420213,0.9999999999999998,IBS_T
Outboard Sensor minus Inboard Sensor Temp.,10,0.052615605,0.0526156048947687,0.9999999999999998,IBS_T
Heater Dutycycle,10,0.33645833,0.3364583293270833,0.9999999999999998,IBS_T
Search Coil Magnetometer's Temperature,10,0.08160479,0.0816047898367904,0.9999999999999998,IBS_T
Solar Array's Angle,10,0.0142384,0.0142383999715231,0.9999999999999998,IBS_T
High Gain Antenna Azimuth,10,0.11613122,0.1161312197677375,0.9999999999999998,IBS_T
High Gain Antenna elevation,10,0.07913492,0.0791349198417301,0.9999999999999998,IBS_T
Radial Distance from Sun,20,0.09106066,0.0910606605463639,1.0,IBS_T
Electronic Box Temperature,20,0.061334938,0.0613349383680096,1.0,IBS_T
Solar Wind Analyser temperature,20,0.05770386,0.0577038603462231,1.0,IBS_T
Outboard Sensor Temperature,20,0.095713675,0.095713675574282,1.0,IBS_T
Inboard Sensor Temperature,20,0.034275588,0.0342755882056535,1.0,IBS_T
Heater Dutycycle,20,0.4048833,0.4048833024292998,1.0,IBS_T
Search Coil Magnetometer's Temperature,20,0.096760236,0.0967602365805614,1.0,IBS_T
Solar Array's Angle,20,0.010619297,0.0106192970637157,1.0,IBS_T
High Gain Antenna Azimuth,20,0.07994545,0.0799454504796727,1.0,IBS_T
High Gain Antenna elevation,20,0.06770299,0.0677029904062179,1.0,IBS_T
Radial Distance from Sun,30,0.09411614,0.0941161361412384,1.0,IBS_T
Electronic Box Temperature,30,0.09669327,0.096693266035576,1.0,IBS_T
Solar Wind Analyser temperature,30,0.035654575,0.0356545735381624,1.0,IBS_T
Outboard Sensor Temperature,30,0.095524356,0.0955243520835015,1.0,IBS_T
Inboard Sensor Temperature,30,0.057372566,0.0573725636477248,1.0,IBS_T
Heater Dutycycle,30,0.3617866,0.36178658516675,1.0,IBS_T
Search Coil Magnetometer's Temperature,30,0.083699316,0.0836993125683281,1.0,IBS_T
Solar Array's Angle,30,0.003192274,0.0031922738691167,1.0,IBS_T
High Gain Antenna Azimuth,30,0.054959234,0.0549592317466715,1.0,IBS_T
High Gain Antenna elevation,30,0.11700171,0.11700170520293,1.0,IBS_T
Radial Distance from Sun,40,0.07617762,0.0761776185526252,1.0,IBS_T
Electronic Box Temperature,40,0.089892745,0.0898927432920378,1.0,IBS_T
Solar Wind Analyser temperature,40,0.028123837,0.0281238364656471,1.0,IBS_T
Outboard Sensor Temperature,40,0.057842936,0.0578429349009842,1.0,IBS_T
Inboard Sensor Temperature,40,0.076571785,0.0765717835451361,1.0,IBS_T
Outboard Sensor minus Inboard Sensor Temp.,40,0.04403471,0.0440347091633405,1.0,IBS_T
Heater Dutycycle,40,0.35616934,0.3561693332327826,1.0,IBS_T
Search Coil Magnetometer's Temperature,40,0.051649086,0.0516490850186673,1.0,IBS_T
High Gain Antenna Azimuth,40,0.06568882,0.0656888187519124,1.0,IBS_T
High Gain Antenna elevation,40,0.15384914,0.1538491370768664,1.0,IBS_T
Radial Distance from Sun,50,0.1455112,0.1455112053839146,1.0,IBS_T
Electronic Box Temperature,50,0.072666645,0.0726666476886659,1.0,IBS_T
Outboard Sensor Temperature,50,0.02364201,0.0236420108747544,1.0,IBS_T
Inboard Sensor Temperature,50,0.0982016,0.0982016036334593,1.0,IBS_T
Outboard Sensor minus Inboard Sensor Temp.,50,0.056212164,0.0562121660798501,1.0,IBS_T
Heater Dutycycle,50,0.41544765,0.4154476653715636,1.0,IBS_T
Search Coil Magnetometer's Temperature,50,0.042620048,0.0426200495769418,1.0,IBS_T
Solar Array's Angle,50,0.017049044,0.0170490446308146,1.0,IBS_T
High Gain Antenna Azimuth,50,0.052698832,0.0526988339498568,1.0,IBS_T
High Gain Antenna elevation,50,0.07595077,0.0759507728101785,1.0,IBS_T
Radial Distance from Sun,60,0.17508824,0.1750882417508824,1.0,IBS_T
Electronic Box Temperature,60,0.06432226,0.0643222606432226,1.0,IBS_T
Solar Wind Analyser temperature,60,0.029986292,0.0299862922998629,1.0,IBS_T
Outboard Sensor Temperature,60,0.063682675,0.0636826756368267,1.0,IBS_T
Inboard Sensor Temperature,60,0.07808169,0.0780816907808168,1.0,IBS_T
Heater Dutycycle,60,0.3695463,0.369546303695463,1.0,IBS_T
Search Coil Magnetometer's Temperature,60,0.06532873,0.0653287306532873,1.0,IBS_T
Solar Array's Angle,60,0.019181397,0.0191813971918139,1.0,IBS_T
High Gain Antenna Azimuth,60,0.07481247,0.0748124707481247,1.0,IBS_T
High Gain Antenna elevation,60,0.059969936,0.0599699365996993,1.0,IBS_T
Radial Distance from Sun,70,0.25262713,0.2526271327788984,1.0,IBS_T
Electronic Box Temperature,70,0.085746564,0.0857465649432122,1.0,IBS_T
Outboard Sensor Temperature,70,0.06322839,0.0632283906955123,1.0,IBS_T
Inboard Sensor Temperature,70,0.10576982,0.105769821163468,1.0,IBS_T
Outboard Sensor minus Inboard Sensor Temp.,70,0.07136063,0.0713606307849669,1.0,IBS_T
Heater Dutycycle,70,0.12598185,0.1259818513858003,1.0,IBS_T
Search Coil Magnetometer's Temperature,70,0.040032297,0.0400322974403552,1.0,IBS_T
Solar Array's Angle,70,0.021887258,0.0218872582407598,1.0,IBS_T
High Gain Antenna Azimuth,70,0.07736805,0.0773680508510485,1.0,IBS_T
High Gain Antenna elevation,70,0.155998,0.155998001715978,1.0,IBS_T
Radial Distance from Sun,80,0.24289845,0.242898458015649,1.0,IBS_T
Electronic Box Temperature,80,0.0895538,0.0895538029552754,1.0,IBS_T
Outboard Sensor Temperature,80,0.07433802,0.0743380224531547,1.0,IBS_T
Inboard Sensor Temperature,80,0.16550355,0.1655035554616173,1.0,IBS_T
Outboard Sensor minus Inboard Sensor Temp.,80,0.11138246,0.1113824636756212,1.0,IBS_T
Heater Dutycycle,80,0.09061639,0.0906163929903409,1.0,IBS_T
Search Coil Magnetometer's Temperature,80,0.0392864,0.0392864012964512,1.0,IBS_T
Solar Array's Angle,80,0.014795533,0.0147955334882526,1.0,IBS_T
High Gain Antenna Azimuth,80,0.06378388,0.0637838821048681,1.0,IBS_T
High Gain Antenna elevation,80,0.107841484,0.107841487558769,1.0,IBS_T
Radial Distance from Sun,90,0.1424973,0.1424973002849946,1.0,IBS_T
Solar Wind Analyser temperature,90,0.060833983,0.0608339831216679,1.0,IBS_T
Outboard Sensor Temperature,90,0.08564948,0.0856494801712989,1.0,IBS_T
Inboard Sensor Temperature,90,0.18893388,0.1889338803778678,1.0,IBS_T
Outboard Sensor minus Inboard Sensor Temp.,90,0.08039411,0.0803941101607882,1.0,IBS_T
Heater Dutycycle,90,0.093555555,0.0935555551871111,1.0,IBS_T
Search Coil Magnetometer's Temperature,90,0.10232271,0.1023227102046454,1.0,IBS_T
Solar Array's Angle,90,0.04719636,0.0471963600943927,1.0,IBS_T
High Gain Antenna Azimuth,90,0.07300734,0.0730073401460146,1.0,IBS_T
High Gain Antenna elevation,90,0.12560928,0.1256092802512185,1.0,IBS_T
Radial Distance from Sun,100,0.19976485,0.1997648545945916,1.0,IBS_T
Solar Wind Analyser temperature,100,0.08932785,0.0893278520545406,1.0,IBS_T
Outboard Sensor Temperature,100,0.06680212,0.0668021215364488,1.0,IBS_T
Inboard Sensor Temperature,100,0.19821155,0.1982115545588657,1.0,IBS_T
Outboard Sensor minus Inboard Sensor Temp.,100,0.049456663,0.0494566641375032,1.0,IBS_T
Heater Dutycycle,100,0.092282034,0.0922820361224868,1.0,IBS_T
Search Coil Magnetometer's Temperature,100,0.056653656,0.0566536573030341,1.0,IBS_T
Solar Array's Angle,100,0.031240258,0.0312402587185259,1.0,IBS_T
High Gain Antenna Azimuth,100,0.107573316,0.1075733184741863,1.0,IBS_T
High Gain Antenna elevation,100,0.10868768,0.1086876824998167,1.0,IBS_T
Radial Distance from Sun,110,0.16895773,0.16895772628293,1.0,IBS_T
Electronic Box Temperature,110,0.072242856,0.0722428544106572,1.0,IBS_T
Outboard Sensor Temperature,110,0.07394623,0.0739462283731829,1.0,IBS_T
Inboard Sensor Temperature,110,0.17701185,0.1770118461057394,1.0,IBS_T
Outboard Sensor minus Inboard Sensor Temp.,110,0.07014169,0.0701416884568828,1.0,IBS_T
Heater Dutycycle,110,0.07598288,0.0759828783283766,1.0,IBS_T
Search Coil Magnetometer's Temperature,110,0.06753258,0.0675325785142832,1.0,IBS_T
Solar Array's Angle,110,0.019910986,0.0199109855619583,1.0,IBS_T
High Gain Antenna Azimuth,110,0.10748783,0.1074878276352677,1.0,IBS_T
High Gain Antenna elevation,110,0.16678539,0.1667853863307214,1.0,IBS_T
Radial Distance from Sun,120,0.18373981,0.1837398039365864,1.0,IBS_T
Electronic Box Temperature,120,0.05908051,0.0590805080503432,1.0,IBS_T
Solar Wind Analyser temperature,120,0.07182462,0.0718246176297876,1.0,IBS_T
Outboard Sensor Temperature,120,0.06388113,0.0638811278919227,1.0,IBS_T
Inboard Sensor Temperature,120,0.14137575,0.1413757453346004,1.0,IBS_T
Outboard Sensor minus Inboard Sensor Temp.,120,0.061261527,0.0612615249783696,1.0,IBS_T
Heater Dutycycle,120,0.064751066,0.0647510638632148,1.0,IBS_T
Search Coil Magnetometer's Temperature,120,0.06036955,0.0603695480078049,1.0,IBS_T
High Gain Antenna Azimuth,120,0.09620084,0.0962008368253723,1.0,IBS_T
High Gain Antenna elevation,120,0.19751523,0.1975152234819976,1.0,IBS_T
Radial Distance from Sun,130,0.14391513,0.1439151390666538,1.0,IBS_T
Electronic Box Temperature,130,0.05139583,0.0513958332379375,1.0,IBS_T
Outboard Sensor Temperature,130,0.079009555,0.0790095599776022,1.0,IBS_T
Inboard Sensor Temperature,130,0.15219754,0.1521975495884456,1.0,IBS_T
Outboard Sensor minus Inboard Sensor Temp.,130,0.047490623,0.0474906259919094,1.0,IBS_T
Heater Dutycycle,130,0.11499433,0.1149943372446432,1.0,IBS_T
Search Coil Magnetometer's Temperature,130,0.09630315,0.0963031560670988,1.0,IBS_T
Solar Array's Angle,130,0.022692159,0.0226921604296061,1.0,IBS_T
High Gain Antenna Azimuth,130,0.07270922,0.0727092245806811,1.0,IBS_T
High Gain Antenna elevation,130,0.2192924,0.219292413815422,1.0,IBS_T
Radial Distance from Sun,140,0.16851187,0.1685118651131559,1.0,IBS_T
Electronic Box Temperature,140,0.084203,0.084202997558113,1.0,IBS_T
Solar Wind Analyser temperature,140,0.109542295,0.1095422918232735,1.0,IBS_T
Outboard Sensor Temperature,140,0.11078222,0.1107822167873157,1.0,IBS_T
Inboard Sensor Temperature,140,0.10966121,0.109661206819825,1.0,IBS_T
Heater Dutycycle,140,0.121452495,0.1214524914778777,1.0,IBS_T
Search Coil Magnetometer's Temperature,140,0.079671256,0.0796712536895336,1.0,IBS_T
Solar Array's Angle,140,0.008914533,0.0089145327414785,1.0,IBS_T
High Gain Antenna Azimuth,140,0.07602811,0.0760281077951848,1.0,IBS_T
High Gain Antenna elevation,140,0.13123304,0.1312330361942419,1.0,IBS_T
Radial Distance from Sun,150,0.15754457,0.157544580870576,1.0,IBS_T
Electronic Box Temperature,150,0.10526714,0.1052671472634331,1.0,IBS_T
Solar Wind Analyser temperature,150,0.1372161,0.1372161094679115,1.0,IBS_T
Outboard Sensor Temperature,150,0.08228728,0.0822872856778227,1.0,IBS_T
Inboard Sensor Temperature,150,0.073253885,0.0732538900545184,1.0,IBS_T
Outboard Sensor minus Inboard Sensor Temp.,150,0.0718115,0.0718115049549938,1.0,IBS_T
Heater Dutycycle,150,0.104253665,0.1042536721935033,1.0,IBS_T
Search Coil Magnetometer's Temperature,150,0.078674085,0.0786740904285122,1.0,IBS_T
High Gain Antenna Azimuth,150,0.069142796,0.0691428007708532,1.0,IBS_T
High Gain Antenna elevation,150,0.12054891,0.1205489183178753,1.0,IBS_T
Radial Distance from Sun,160,0.1445911,0.1445910895894415,0.9999999999999998,IBS_T
Solar Wind Analyser temperature,160,0.14106523,0.1410652198433041,0.9999999999999998,IBS_T
Outboard Sensor Temperature,160,0.064559646,0.0645596413517058,0.9999999999999998,IBS_T
Inboard Sensor Temperature,160,0.0947224,0.0947223931799876,0.9999999999999998,IBS_T
Outboard Sensor minus Inboard Sensor Temp.,160,0.07575255,0.0757525445458167,0.9999999999999998,IBS_T
Heater Dutycycle,160,0.13245319,0.1324531804633709,0.9999999999999998,IBS_T
Search Coil Magnetometer's Temperature,160,0.06327533,0.0632753254441765,0.9999999999999998,IBS_T
Solar Array's Angle,160,0.019582026,0.0195820245900942,0.9999999999999998,IBS_T
High Gain Antenna Azimuth,160,0.1337827,0.1337826903676462,0.9999999999999998,IBS_T
High Gain Antenna elevation,160,0.1302159,0.1302158906244558,0.9999999999999998,IBS_T
Radial Distance from Sun,170,0.1741936,0.174193600870968,1.0,IBS_T
Electronic Box Temperature,170,0.10461405,0.1046140505230702,1.0,IBS_T
Solar Wind Analyser temperature,170,0.14628497,0.1462849707314248,1.0,IBS_T
Outboard Sensor Temperature,170,0.081073344,0.0810733444053667,1.0,IBS_T
Inboard Sensor Temperature,170,0.082310595,0.0823105954115529,1.0,IBS_T
Outboard Sensor minus Inboard Sensor Temp.,170,0.06609884,0.0660988403304942,1.0,IBS_T
Heater Dutycycle,170,0.116763234,0.1167632345838161,1.0,IBS_T
Search Coil Magnetometer's Temperature,170,0.061956696,0.0619566963097834,1.0,IBS_T
High Gain Antenna Azimuth,170,0.11416135,0.1141613505708067,1.0,IBS_T
High Gain Antenna elevation,170,0.052543316,0.0525433162627165,1.0,IBS_T
Radial Distance from Sun,180,0.12961178,0.12961178,1.0,IBS_T
Electronic Box Temperature,180,0.099550724,0.099550724,1.0,IBS_T
Solar Wind Analyser temperature,180,0.13002701,0.13002701,1.0,IBS_T
Outboard Sensor Temperature,180,0.078204,0.078204,1.0,IBS_T
Inboard Sensor Temperature,180,0.09936454,0.09936454,1.0,IBS_T
Outboard Sensor minus Inboard Sensor Temp.,180,0.072171316,0.072171316,1.0,IBS_T
Heater Dutycycle,180,0.09474301,0.09474301,1.0,IBS_T
Search Coil Magnetometer's Temperature,180,0.091887794,0.091887794,1.0,IBS_T
High Gain Antenna Azimuth,180,0.109749466,0.109749466,1.0,IBS_T
High Gain Antenna elevation,180,0.09469036,0.09469036,1.0,IBS_T
Radial Distance from Sun,10,0.116265304,0.1162653135337557,1.0,OBS_N
Electronic Box Temperature,10,0.039039798,0.0390398012012636,1.0,OBS_N
Solar Wind Analyser temperature,10,0.047355227,0.0473552308831289,1.0,OBS_N
Outboard Sensor Temperature,10,0.085948795,0.0859488020478017,1.0,OBS_N
Inboard Sensor Temperature,10,0.072064504,0.0720645099092898,1.0,OBS_N
Outboard Sensor minus Inboard Sensor Temp.,10,0.050624292,0.0506242961511922,1.0,OBS_N
Heater Dutycycle,10,0.34318,0.3431800281407622,1.0,OBS_N
Solar Array's Angle,10,0.042007573,0.0420075764446212,1.0,OBS_N
High Gain Antenna Azimuth,10,0.08269391,0.0826939167809011,1.0,OBS_N
High Gain Antenna elevation,10,0.120820515,0.120820524907283,1.0,OBS_N
Radial Distance from Sun,20,0.21592043,0.2159204248179098,1.0,OBS_N
Electronic Box Temperature,20,0.023695473,0.0236954724313086,1.0,OBS_N
Outboard Sensor Temperature,20,0.06971101,0.0697110083269358,1.0,OBS_N
Inboard Sensor Temperature,20,0.03992668,0.0399266790417597,1.0,OBS_N
Outboard Sensor minus Inboard Sensor Temp.,20,0.024080701,0.0240807004220631,1.0,OBS_N
Heater Dutycycle,20,0.37692413,0.3769241209538211,1.0,OBS_N
Search Coil Magnetometer's Temperature,20,0.028417835,0.0284178343179719,1.0,OBS_N
Solar Array's Angle,20,0.024303542,0.024303541416715,1.0,OBS_N
High Gain Antenna Azimuth,20,0.038819373,0.038819372068335,1.0,OBS_N
High Gain Antenna elevation,20,0.15820085,0.1582008462031797,1.0,OBS_N
Radial Distance from Sun,30,0.09470722,0.0947072180111484,1.0,OBS_N
Electronic Box Temperature,30,0.07713724,0.0771372383801179,1.0,OBS_N
Outboard Sensor Temperature,30,0.043187752,0.0431877510930572,1.0,OBS_N
Inboard Sensor Temperature,30,0.025075125,0.0250751244734223,1.0,OBS_N
Outboard Sensor minus Inboard Sensor Temp.,30,0.05287497,0.0528749688896256,1.0,OBS_N
Heater Dutycycle,30,0.32810393,0.3281039231098176,1.0,OBS_N
Search Coil Magnetometer's Temperature,30,0.05103697,0.0510369689282236,1.0,OBS_N
Solar Array's Angle,30,0.006469084,0.0064690838641492,1.0,OBS_N
High Gain Antenna Azimuth,30,0.17566453,0.1756645263110449,1.0,OBS_N
High Gain Antenna elevation,30,0.1457432,0.1457431969393928,1.0,OBS_N
Radial Distance from Sun,40,0.066929534,0.0669295325275502,1.0,OBS_N
Electronic Box Temperature,40,0.13952895,0.1395289469303631,1.0,OBS_N
Solar Wind Analyser temperature,40,0.030258618,0.0302586173343104,1.0,OBS_N
Outboard Sensor Temperature,40,0.15144658,0.1514465766681753,1.0,OBS_N
Inboard Sensor Temperature,40,0.043975476,0.0439754750325395,1.0,OBS_N
Outboard Sensor minus Inboard Sensor Temp.,40,0.0852668,0.0852667981241304,1.0,OBS_N
Heater Dutycycle,40,0.03541024,0.0354102392209747,1.0,OBS_N
Search Coil Magnetometer's Temperature,40,0.034414694,0.0344146932428767,1.0,OBS_N
High Gain Antenna Azimuth,40,0.2997769,0.2997768934049083,1.0,OBS_N
High Gain Antenna elevation,40,0.11299223,0.1129922275141709,1.0,OBS_N
Radial Distance from Sun,50,0.060947567,0.0609475689198484,1.0,OBS_N
Electronic Box Temperature,50,0.1677103,0.1677103052828746,1.0,OBS_N
Outboard Sensor Temperature,50,0.11764838,0.117648383705924,1.0,OBS_N
Inboard Sensor Temperature,50,0.03761744,0.0376174411849494,1.0,OBS_N
Outboard Sensor minus Inboard Sensor Temp.,50,0.05719575,0.0571957518016661,1.0,OBS_N
Heater Dutycycle,50,0.025744256,0.025744256810944,1.0,OBS_N
Search Coil Magnetometer's Temperature,50,0.041026495,0.0410264962923346,1.0,OBS_N
Solar Array's Angle,50,0.0076640905,0.0076640907414188,1.0,OBS_N
High Gain Antenna Azimuth,50,0.38008285,0.3800828619726102,1.0,OBS_N
High Gain Antenna elevation,50,0.10436284,0.1043628432874295,1.0,OBS_N
Radial Distance from Sun,60,0.03019957,0.0301995720596108,1.0,OBS_N
Electronic Box Temperature,60,0.18092398,0.1809239923390163,1.0,OBS_N
Outboard Sensor Temperature,60,0.06869248,0.0686924846848274,1.0,OBS_N
Inboard Sensor Temperature,60,0.07756336,0.0775633652898215,1.0,OBS_N
Outboard Sensor minus Inboard Sensor Temp.,60,0.053098153,0.0530981566212942,1.0,OBS_N
Heater Dutycycle,60,0.012449362,0.0124493628490465,1.0,OBS_N
Search Coil Magnetometer's Temperature,60,0.036884338,0.036884340515512,1.0,OBS_N
Solar Array's Angle,60,0.0037039088,0.0037039090526065,1.0,OBS_N
High Gain Antenna Azimuth,60,0.40242493,0.4024249574453821,1.0,OBS_N
High Gain Antenna elevation,60,0.13405985,0.1340598591428824,1.0,OBS_N
Radial Distance from Sun,70,0.033918917,0.0339189175087837,1.0,OBS_N
Electronic Box Temperature,70,0.18398893,0.1839889327598339,1.0,OBS_N
Solar Wind Analyser temperature,70,0.026535435,0.0265354353980315,1.0,OBS_N
Outboard Sensor Temperature,70,0.036592815,0.0365928155488922,1.0,OBS_N
Inboard Sensor Temperature,70,0.06497205,0.0649720509745807,1.0,OBS_N
Outboard Sensor minus Inboard Sensor Temp.,70,0.058893822,0.0588938228834073,1.0,OBS_N
Search Coil Magnetometer's Temperature,70,0.03443002,0.0344300205164503,1.0,OBS_N
Solar Array's Angle,70,0.020416996,0.0204169963062549,1.0,OBS_N
High Gain Antenna Azimuth,70,0.41586685,0.4158668562380028,1.0,OBS_N
High Gain Antenna elevation,70,0.12438415,0.1243841518657622,1.0,OBS_N
Radial Distance from Sun,80,0.043578718,0.0435787203096721,1.0,OBS_N
Electronic Box Temperature,80,0.16505487,0.1650548787479085,1.0,OBS_N
Solar Wind Analyser temperature,80,0.03829373,0.0382937320295678,1.0,OBS_N
Outboard Sensor Temperature,80,0.044711884,0.0447118863697299,1.0,OBS_N
Inboard Sensor Temperature,80,0.052036043,0.0520360457579104,1.0,OBS_N
Outboard Sensor minus Inboard Sensor Temp.,80,0.044727717,0.0447277193705691,1.0,OBS_N
Search Coil Magnetometer's Temperature,80,0.042405587,0.0424055892474962,1.0,OBS_N
Solar Array's Angle,80,0.011529418,0.0115294186110591,1.0,OBS_N
High Gain Antenna Azimuth,80,0.4293917,0.4293917227577613,1.0,OBS_N
High Gain Antenna elevation,80,0.12827028,0.1282702867983252,1.0,OBS_N
Radial Distance from Sun,90,0.045304257,0.0453042589027788,1.0,OBS_N
Electronic Box Temperature,90,0.18548854,0.185488547790519,1.0,OBS_N
Outboard Sensor Temperature,90,0.062113285,0.062113287608758,1.0,OBS_N
Inboard Sensor Temperature,90,0.048901405,0.0489014070538591,1.0,OBS_N
Outboard Sensor minus Inboard Sensor Temp.,90,0.06754835,0.0675483528370308,1.0,OBS_N
Heater Dutycycle,90,0.016295865,0.0162958656844263,1.0,OBS_N
Search Coil Magnetometer's Temperature,90,0.039095737,0.039095738642021,1.0,OBS_N
Solar Array's Angle,90,0.012040785,0.0120407855057129,1.0,OBS_N
High Gain Antenna Azimuth,90,0.4215941,0.421594117706953,1.0,OBS_N
High Gain Antenna elevation,90,0.101617634,0.1016176382679408,1.0,OBS_N
Radial Distance from Sun,100,0.058003202,0.0580032021160063,1.0,OBS_N
Electronic Box Temperature,100,0.21034142,0.2103414204206828,1.0,OBS_N
Outboard Sensor Temperature,100,0.076201,0.076201000152402,1.0,OBS_N
Inboard Sensor Temperature,100,0.042705294,0.0427052940854105,1.0,OBS_N
Outboard Sensor minus Inboard Sensor Temp.,100,0.060699806,0.0606998061213996,1.0,OBS_N
Heater Dutycycle,100,0.021096334,0.0210963340421926,1.0,OBS_N
Search Coil Magnetometer's Temperature,100,0.04777889,0.0477788900955577,1.0,OBS_N
Solar Array's Angle,100,0.017437538,0.017437538034875,1.0,OBS_N
High Gain Antenna Azimuth,100,0.38834822,0.3883482207766964,1.0,OBS_N
High Gain Antenna elevation,100,0.077388294,0.0773882941547765,1.0,OBS_N
Radial Distance from Sun,110,0.06295446,0.0629544628959053,1.0,OBS_N
Electronic Box Temperature,110,0.21476063,0.2147606398789894,1.0,OBS_N
Solar Wind Analyser temperature,110,0.03782747,0.0378274717400637,1.0,OBS_N
Outboard Sensor Temperature,110,0.084717646,0.0847176498970118,1.0,OBS_N
Inboard Sensor Temperature,110,0.033436988,0.0334369895381015,1.0,OBS_N
Outboard Sensor minus Inboard Sensor Temp.,110,0.05879767,0.0587976727046929,1.0,OBS_N
Heater Dutycycle,110,0.02174445,0.0217444510002447,1.0,OBS_N
Search Coil Magnetometer's Temperature,110,0.05225868,0.0522586824038993,1.0,OBS_N
High Gain Antenna Azimuth,110,0.35030025,0.3503002661138122,1.0,OBS_N
High Gain Antenna elevation,110,0.08320171,0.0832017138272788,1.0,OBS_N
Radial Distance from Sun,120,0.053039867,0.0530398717735884,1.0000000000000002,OBS_N
Electronic Box Temperature,120,0.22562182,0.2256218403059656,1.0000000000000002,OBS_N
Solar Wind Analyser temperature,120,0.04405763,0.044057633965187,1.0000000000000002,OBS_N
Outboard Sensor Temperature,120,0.072578356,0.0725783625320526,1.0000000000000002,OBS_N
Inboard Sensor Temperature,120,0.0384154,0.0384154034573863,1.0000000000000002,OBS_N
Outboard Sensor minus Inboard Sensor Temp.,120,0.06466259,0.0646625958196336,1.0000000000000002,OBS_N
Heater Dutycycle,120,0.032428335,0.0324283379185504,1.0000000000000002,OBS_N
Search Coil Magnetometer's Temperature,120,0.049668282,0.0496682864701457,1.0000000000000002,OBS_N
High Gain Antenna Azimuth,120,0.33213177,0.332131799891862,1.0000000000000002,OBS_N
High Gain Antenna elevation,120,0.08739586,0.0873958678656281,1.0000000000000002,OBS_N
Radial Distance from Sun,130,0.08563801,0.0856380054611857,1.0,OBS_N
Electronic Box Temperature,130,0.19218925,0.1921892398139703,1.0,OBS_N
Outboard Sensor Temperature,130,0.07784807,0.0778480658740525,1.0,OBS_N
Inboard Sensor Temperature,130,0.034045633,0.0340456311955815,1.0,OBS_N
Outboard Sensor minus Inboard Sensor Temp.,130,0.07934549,0.0793454857946892,1.0,OBS_N
Heater Dutycycle,130,0.044855736,0.0448557336226461,1.0,OBS_N
Search Coil Magnetometer's Temperature,130,0.038923346,0.0389233439370627,1.0,OBS_N
Solar Array's Angle,130,0.024319528,0.024319526711065,1.0,OBS_N
High Gain Antenna Azimuth,130,0.30965337,0.3096533535883722,1.0,OBS_N
High Gain Antenna elevation,130,0.11318162,0.1131816140013744,1.0,OBS_N
Radial Distance from Sun,140,0.1324053,0.1324053072822919,1.0,OBS_N
Electronic Box Temperature,140,0.16181427,0.1618142788997853,1.0,OBS_N
Solar Wind Analyser temperature,140,0.039644662,0.0396446641804565,1.0,OBS_N
Outboard Sensor Temperature,140,0.088845916,0.0888459208865256,1.0,OBS_N
Inboard Sensor Temperature,140,0.037717458,0.0377174600744603,1.0,OBS_N
Outboard Sensor minus Inboard Sensor Temp.,140,0.05085635,0.0508563527970994,1.0,OBS_N
Heater Dutycycle,140,0.035019524,0.0350195259260739,1.0,OBS_N
Search Coil Magnetometer's Temperature,140,0.061022915,0.0610229183562605,1.0,OBS_N
High Gain Antenna Azimuth,140,0.2804418,0.2804418154242998,1.0,OBS_N
High Gain Antenna elevation,140,0.11223175,0.1122317561727466,1.0,OBS_N
Radial Distance from Sun,150,0.18152963,0.1815296365350669,1.0,OBS_N
Electronic Box Temperature,150,0.22165807,0.2216580779796907,1.0,OBS_N
Solar Wind Analyser temperature,150,0.03792524,0.0379252413653086,1.0,OBS_N
Outboard Sensor Temperature,150,0.06112672,0.0611267222005619,1.0,OBS_N
Inboard Sensor Temperature,150,0.03074394,0.0307439411067818,1.0,OBS_N
Outboard Sensor minus Inboard Sensor Temp.,150,0.048631407,0.0486314087507307,1.0,OBS_N
Heater Dutycycle,150,0.04089047,0.0408904714720569,1.0,OBS_N
Search Coil Magnetometer's Temperature,150,0.047647107,0.0476471087152959,1.0,OBS_N
High Gain Antenna Azimuth,150,0.20199268,0.2019926872717367,1.0,OBS_N
High Gain Antenna elevation,150,0.1278547,0.1278547046027693,1.0,OBS_N
Radial Distance from Sun,160,0.20845854,0.2084585525075131,1.0,OBS_N
Electronic Box Temperature,160,0.25225824,0.2522582551354953,1.0,OBS_N
Solar Wind Analyser temperature,160,0.041308362,0.0413083644785018,1.0,OBS_N
Inboard Sensor Temperature,160,0.031688455,0.0316884569013074,1.0,OBS_N
Outboard Sensor minus Inboard Sensor Temp.,160,0.059135493,0.0591354965481297,1.0,OBS_N
Heater Dutycycle,160,0.04064738,0.0406473824388429,1.0,OBS_N
Search Coil Magnetometer's Temperature,160,0.06664664,0.0666466439987986,1.0,OBS_N
Solar Array's Angle,160,0.05397006,0.0539700632382037,1.0,OBS_N
High Gain Antenna Azimuth,160,0.12526877,0.1252687775161266,1.0,OBS_N
High Gain Antenna elevation,160,0.120618,0.1206180072370804,1.0,OBS_N
Radial Distance from Sun,170,0.28251347,0.2825134623721365,1.0,OBS_N
Electronic Box Temperature,170,0.15382881,0.1538288058466222,1.0,OBS_N
Outboard Sensor Temperature,170,0.045091476,0.0450914747825301,1.0,OBS_N
Inboard Sensor Temperature,170,0.03405557,0.0340555690804996,1.0,OBS_N
Outboard Sensor minus Inboard Sensor Temp.,170,0.067819275,0.0678192731688796,1.0,OBS_N
Heater Dutycycle,170,0.03842942,0.0384294189624056,1.0,OBS_N
Search Coil Magnetometer's Temperature,170,0.075456485,0.0754564829626749,1.0,OBS_N
Solar Array's Angle,170,0.051155377,0.0511553756188048,1.0,OBS_N
High Gain Antenna Azimuth,170,0.064541884,0.0645418822573691,1.0,OBS_N
High Gain Antenna elevation,170,0.18710826,0.1871082549480771,1.0,OBS_N
Radial Distance from Sun,180,0.33109352,0.3310935256285899,1.0,OBS_N
Electronic Box Temperature,180,0.10486208,0.1048620817826553,1.0,OBS_N
Outboard Sensor Temperature,180,0.03504158,0.0350415805957068,1.0,OBS_N
Inboard Sensor Temperature,180,0.03206749,0.0320674905451473,1.0,OBS_N
Outboard Sensor minus Inboard Sensor Temp.,180,0.097131714,0.0971317156512391,1.0,OBS_N
Heater Dutycycle,180,0.04026703,0.0402670306845395,1.0,OBS_N
Search Coil Magnetometer's Temperature,180,0.060293064,0.0602930650249821,1.0,OBS_N
Solar Array's Angle,180,0.05186632,0.0518663208817274,1.0,OBS_N
High Gain Antenna Azimuth,180,0.068913125,0.0689131261715231,1.0,OBS_N
High Gain Antenna elevation,180,0.17846406,0.178464063033889,1.0,OBS_N
Radial Distance from Sun,10,0.038718183,0.0387181835807727,1.0,OBS_R
Electronic Box Temperature,10,0.10097018,0.1009701815145527,1.0,OBS_R
Solar Wind Analyser temperature,10,0.04123674,0.0412367406185511,1.0,OBS_R
Outboard Sensor Temperature,10,0.027823644,0.0278236444173546,1.0,OBS_R
Inboard Sensor Temperature,10,0.020472217,0.0204722173070832,1.0,OBS_R
Outboard Sensor minus Inboard Sensor Temp.,10,0.039872926,0.0398729265980939,1.0,OBS_R
Search Coil Magnetometer's Temperature,10,0.1015742,0.101574201523613,1.0,OBS_R
Solar Array's Angle,10,0.004543565,0.0045435650681534,1.0,OBS_R
High Gain Antenna Azimuth,10,0.39840636,0.3984063659760954,1.0,OBS_R
High Gain Antenna elevation,10,0.22638197,0.2263819733957295,1.0,OBS_R
Radial Distance from Sun,20,0.063587554,0.0635875548902257,1.0,OBS_R
Electronic Box Temperature,20,0.060089182,0.0600891828412485,1.0,OBS_R
Solar Wind Analyser temperature,20,0.035436627,0.0354366274961127,1.0,OBS_R
Outboard Sensor Temperature,20,0.037368763,0.0373687635231626,1.0,OBS_R
Outboard Sensor minus Inboard Sensor Temp.,20,0.09205982,0.0920598212888375,1.0,OBS_R
Heater Dutycycle,20,0.01270535,0.0127053501778749,1.0,OBS_R
Search Coil Magnetometer's Temperature,20,0.08520127,0.0852012711928177,1.0,OBS_R
Solar Array's Angle,20,0.00582216,0.0058221600815102,1.0,OBS_R
High Gain Antenna Azimuth,20,0.40759102,0.4075910257062743,1.0,OBS_R
High Gain Antenna elevation,20,0.20013824,0.2001382428019353,1.0,OBS_R
Radial Distance from Sun,30,0.09026526,0.0902652623468968,1.0,OBS_R
Electronic Box Temperature,30,0.073525496,0.0735254979116629,1.0,OBS_R
Solar Wind Analyser temperature,30,0.021134516,0.0211345165494974,1.0,OBS_R
Inboard Sensor Temperature,30,0.032998182,0.0329981828579527,1.0,OBS_R
Outboard Sensor minus Inboard Sensor Temp.,30,0.12025231,0.1202523131265601,1.0,OBS_R
Heater Dutycycle,30,0.033190753,0.0331907538629596,1.0,OBS_R
Search Coil Magnetometer's Temperature,30,0.039862584,0.0398625850364272,1.0,OBS_R
Solar Array's Angle,30,0.006041433,0.0060414331570772,1.0,OBS_R
High Gain Antenna Azimuth,30,0.40106055,0.4010605604275746,1.0,OBS_R
High Gain Antenna elevation,30,0.18166889,0.1816688947233912,1.0,OBS_R
Radial Distance from Sun,40,0.10684679,0.106846785512435,1.0,OBS_R
Electronic Box Temperature,40,0.046663832,0.0466638300401191,1.0,OBS_R
Solar Wind Analyser temperature,40,0.025140142,0.025140140944114,1.0,OBS_R
Outboard Sensor Temperature,40,0.03641984,0.0364198384703667,1.0,OBS_R
Inboard Sensor Temperature,40,0.036759697,0.0367596954560928,1.0,OBS_R
Outboard Sensor minus Inboard Sensor Temp.,40,0.106202215,0.1062022105395071,1.0,OBS_R
Heater Dutycycle,40,0.037323058,0.0373230564324316,1.0,OBS_R
Solar Array's Angle,40,0.016775358,0.0167753572954349,1.0,OBS_R
High Gain Antenna Azimuth,40,0.40478835,0.40478833299889,1.0,OBS_R
High Gain Antenna elevation,40,0.18308076,0.1830807523106084,1.0,OBS_R
Radial Distance from Sun,50,0.059049264,0.059049260161798,1.0,OBS_R
Electronic Box Temperature,50,0.04451214,0.044512137106711,1.0,OBS_R
Solar Wind Analyser temperature,50,0.035933424,0.0359334216643275,1.0,OBS_R
Outboard Sensor Temperature,50,0.031115316,0.0311153139775045,1.0,OBS_R
Outboard Sensor minus Inboard Sensor Temp.,50,0.068700515,0.0687005105344668,1.0,OBS_R
Heater Dutycycle,50,0.050091743,0.0500917397440369,1.0,OBS_R
Search Coil Magnetometer's Temperature,50,0.10164701,0.1016470033929447,1.0,OBS_R
Solar Array's Angle,50,0.014213933,0.0142139320760944,1.0,OBS_R
High Gain Antenna Azimuth,50,0.38783842,0.3878383947905043,1.0,OBS_R
High Gain Antenna elevation,50,0.2068983,0.2068982865516113,1.0,OBS_R
Radial Distance from Sun,60,0.079031534,0.0790315378725453,1.0,OBS_R
Electronic Box Temperature,60,0.079445735,0.0794457388928412,1.0,OBS_R
Outboard Sensor Temperature,60,0.043081906,0.0430819081110135,1.0,OBS_R
Inboard Sensor Temperature,60,0.046819232,0.0468192342941424,1.0,OBS_R
Outboard Sensor minus Inboard Sensor Temp.,60,0.063786276,0.0637862791255276,1.0,OBS_R
Heater Dutycycle,60,0.036579058,0.0365790597923739,1.0,OBS_R
Search Coil Magnetometer's Temperature,60,0.09830245,0.0983024548168202,1.0,OBS_R
Solar Array's Angle,60,0.02051616,0.0205161610052918,1.0,OBS_R
High Gain Antenna Azimuth,60,0.3035713,0.3035713148749944,1.0,OBS_R
High Gain Antenna elevation,60,0.2288663,0.2288663112144492,1.0,OBS_R
Radial Distance from Sun,70,0.07178379,0.0717837866979458,1.0,OBS_R
Electronic Box Temperature,70,0.12134803,0.1213480244179908,1.0,OBS_R
Solar Wind Analyser temperature,70,0.03061021,0.0306102085919304,1.0,OBS_R
Inboard Sensor Temperature,70,0.036464553,0.0364645513226306,1.0,OBS_R
Outboard Sensor minus Inboard Sensor Temp.,70,0.09917485,0.0991748454379571,1.0,OBS_R
Heater Dutycycle,70,0.034825787,0.0348257853980138,1.0,OBS_R
Search Coil Magnetometer's Temperature,70,0.091621816,0.0916218117853966,1.0,OBS_R
Solar Array's Angle,70,0.03501885,0.0350188483891329,1.0,OBS_R
High Gain Antenna Azimuth,70,0.27060372,0.2706037075522294,1.0,OBS_R
High Gain Antenna elevation,70,0.20854844,0.2085484304067722,1.0,OBS_R
Radial Distance from Sun,80,0.15873212,0.1587321225397139,1.0,OBS_R
Electronic Box Temperature,80,0.15661956,0.156619562505913,1.0,OBS_R
Solar Wind Analyser temperature,80,0.04170693,0.0417069306673109,1.0,OBS_R
Inboard Sensor Temperature,80,0.058444507,0.0584445079351121,1.0,OBS_R
Outboard Sensor minus Inboard Sensor Temp.,80,0.069633685,0.0696336861141389,1.0,OBS_R
Heater Dutycycle,80,0.02421611,0.0242161103874577,1.0,OBS_R
Search Coil Magnetometer's Temperature,80,0.076785564,0.076785565228569,1.0,OBS_R
Solar Array's Angle,80,0.016616868,0.0166168682658698,1.0,OBS_R
High Gain Antenna Azimuth,80,0.31377017,0.3137701750203228,1.0,OBS_R
High Gain Antenna elevation,80,0.08347447,0.0834744713355915,1.0,OBS_R
Radial Distance from Sun,90,0.08999847,0.0899984713949763,1.0,OBS_R
Electronic Box Temperature,90,0.20442797,0.2044279731686336,1.0,OBS_R
Outboard Sensor Temperature,90,0.037699472,0.0376994725843418,1.0,OBS_R
Inboard Sensor Temperature,90,0.08300586,0.0830058612865908,1.0,OBS_R
Outboard Sensor minus Inboard Sensor Temp.,90,0.036416344,0.0364163445644533,1.0,OBS_R
Heater Dutycycle,90,0.08743668,0.0874366813552685,1.0,OBS_R
Search Coil Magnetometer's Temperature,90,0.0731212,0.0731212011333786,1.0,OBS_R
Solar Array's Angle,90,0.0096516535,0.0096516536496006,1.0,OBS_R
High Gain Antenna Azimuth,90,0.25653833,0.2565383339763442,1.0,OBS_R
High Gain Antenna elevation,90,0.121704005,0.1217040068864121,1.0,OBS_R
Radial Distance from Sun,100,0.064819194,0.0648191930925313,1.0000000000000002,OBS_R
Electronic Box Temperature,100,0.19045065,0.1904506473336909,1.0000000000000002,OBS_R
Solar Wind Analyser temperature,100,0.036373727,0.0363737264907678,1.0000000000000002,OBS_R
Outboard Sensor Temperature,100,0.050487567,0.050487566293174,1.0000000000000002,OBS_R
Inboard Sensor Temperature,100,0.050520666,0.0505206652927106,1.0000000000000002,OBS_R
Outboard Sensor minus Inboard Sensor Temp.,100,0.04694843,0.0469484293427219,1.0000000000000002,OBS_R
Heater Dutycycle,100,0.11436841,0.1143684083988423,1.0000000000000002,OBS_R
Search Coil Magnetometer's Temperature,100,0.0670656,0.0670655990610816,1.0000000000000002,OBS_R
High Gain Antenna Azimuth,100,0.2039966,0.2039965971440476,1.0000000000000002,OBS_R
High Gain Antenna elevation,100,0.17496917,0.1749691675504316,1.0000000000000002,OBS_R
Radial Distance from Sun,110,0.08090687,0.0809068678155145,1.0,OBS_R
Electronic Box Temperature,110,0.15567513,0.1556751257967716,1.0,OBS_R
Solar Wind Analyser temperature,110,0.020673444,0.020673443441817,1.0,OBS_R
Outboard Sensor Temperature,110,0.04602966,0.0460296587571992,1.0,OBS_R
Inboard Sensor Temperature,110,0.056535732,0.0565357304735352,1.0,OBS_R
Outboard Sensor minus Inboard Sensor Temp.,110,0.032011278,0.0320112771356955,1.0,OBS_R
Heater Dutycycle,110,0.053795073,0.053795071547533,1.0,OBS_R
Search Coil Magnetometer's Temperature,110,0.044782,0.044781998790886,1.0,OBS_R
High Gain Antenna Azimuth,110,0.12827504,0.128275036536574,1.0,OBS_R
High Gain Antenna elevation,110,0.3813158,0.3813157897044736,1.0,OBS_R
Radial Distance from Sun,120,0.09367132,0.0936713259949648,1.0,OBS_R
Electronic Box Temperature,120,0.11143862,0.1114386271320721,1.0,OBS_R
Solar Wind Analyser temperature,120,0.022167766,0.0221677674187371,1.0,OBS_R
Outboard Sensor Temperature,120,0.051958542,0.0519585453253469,1.0,OBS_R
Inboard Sensor Temperature,120,0.11150486,0.1115048671363114,1.0,OBS_R
Outboard Sensor minus Inboard Sensor Temp.,120,0.023260476,0.0232604774886705,1.0,OBS_R
Heater Dutycycle,120,0.027226187,0.027226188742476,1.0,OBS_R
Search Coil Magnetometer's Temperature,120,0.049233835,0.0492338381509656,1.0,OBS_R
High Gain Antenna Azimuth,120,0.12171585,0.1217158577898148,1.0,OBS_R
High Gain Antenna elevation,120,0.38782248,0.3878225048206403,1.0,OBS_R
Radial Distance from Sun,130,0.07316281,0.0731628001961847,1.0,OBS_R
Electronic Box Temperature,130,0.12792152,0.1279215028585186,1.0,OBS_R
Solar Wind Analyser temperature,130,0.014278308,0.0142783060867069,1.0,OBS_R
Outboard Sensor Temperature,130,0.047633857,0.047633850617064,1.0,OBS_R
Inboard Sensor Temperature,130,0.18879527,0.1887952447014372,1.0,OBS_R
Outboard Sensor minus Inboard Sensor Temp.,130,0.027852852,0.0278528482677183,1.0,OBS_R
Heater Dutycycle,130,0.025059402,0.0250593986420405,1.0,OBS_R
Search Coil Magnetometer's Temperature,130,0.08563075,0.085630738525481,1.0,OBS_R
High Gain Antenna Azimuth,130,0.073434815,0.0734348051597361,1.0,OBS_R
High Gain Antenna elevation,130,0.33623055,0.3362305049451123,1.0,OBS_R
Radial Distance from Sun,140,0.061367687,0.0613676846066603,1.0,OBS_R
Electronic Box Temperature,140,0.1149602,0.1149601955165523,1.0,OBS_R
Solar Wind Analyser temperature,140,0.020896774,0.0208967731850258,1.0,OBS_R
Outboard Sensor Temperature,140,0.052665085,0.0526650829460617,1.0,OBS_R
Inboard Sensor Temperature,140,0.195448,0.1954479923775283,1.0,OBS_R
Heater Dutycycle,140,0.030969903,0.0309699017921738,1.0,OBS_R
Search Coil Magnetometer's Temperature,140,0.12085288,0.1208528752867378,1.0,OBS_R
Solar Array's Angle,140,0.00713242,0.0071324197218356,1.0,OBS_R
High Gain Antenna Azimuth,140,0.04535486,0.0453548582311605,1.0,OBS_R
High Gain Antenna elevation,140,0.35035223,0.3503522163362635,1.0,OBS_R
Radial Distance from Sun,150,0.05386483,0.0538648322084581,1.0,OBS_R
Electronic Box Temperature,150,0.12104728,0.1210472849629386,1.0,OBS_R
Solar Wind Analyser temperature,150,0.017364517,0.0173645177119452,1.0,OBS_R
Outboard Sensor Temperature,150,0.06788049,0.0678804927831002,1.0,OBS_R
Inboard Sensor Temperature,150,0.15049563,0.150495636170321,1.0,OBS_R
Outboard Sensor minus Inboard Sensor Temp.,150,0.029655892,0.0296558932158916,1.0,OBS_R
Heater Dutycycle,150,0.02805568,0.0280556811502829,1.0,OBS_R
Search Coil Magnetometer's Temperature,150,0.12113151,0.1211315149663921,1.0,OBS_R
High Gain Antenna Azimuth,150,0.03481838,0.0348183814275536,1.0,OBS_R
High Gain Antenna elevation,150,0.37568575,0.3756857654031164,1.0,OBS_R
Radial Distance from Sun,160,0.04210896,0.0421089605895254,1.0,OBS_R
Electronic Box Temperature,160,0.06821431,0.0682143109550003,1.0,OBS_R
Solar Wind Analyser temperature,160,0.029036168,0.0290361684065063,1.0,OBS_R
Outboard Sensor Temperature,160,0.031025272,0.0310252724343538,1.0,OBS_R
Inboard Sensor Temperature,160,0.20193754,0.2019375428271256,1.0,OBS_R
Outboard Sensor minus Inboard Sensor Temp.,160,0.03284348,0.0328434804598087,1.0,OBS_R
Heater Dutycycle,160,0.04134834,0.0413483405788767,1.0,OBS_R
Search Coil Magnetometer's Temperature,160,0.11437894,0.1143789416013051,1.0,OBS_R
High Gain Antenna Azimuth,160,0.050186846,0.0501868467026158,1.0,OBS_R
High Gain Antenna elevation,160,0.38892013,0.3889201354448819,1.0,OBS_R
Radial Distance from Sun,170,0.061342213,0.0613422169259018,1.0,OBS_R
Electronic Box Temperature,170,0.06584282,0.0658428242139407,1.0,OBS_R
Outboard Sensor Temperature,170,0.031534206,0.0315342080181893,1.0,OBS_R
Inboard Sensor Temperature,170,0.19044636,0.1904463721885678,1.0,OBS_R
Outboard Sensor minus Inboard Sensor Temp.,170,0.052699324,0.0526993273727569,1.0,OBS_R
Heater Dutycycle,170,0.043744415,0.0437444177996427,1.0,OBS_R
Search Coil Magnetometer's Temperature,170,0.11356725,0.1135672572683044,1.0,OBS_R
Solar Array's Angle,170,0.017373575,0.0173735761119088,1.0,OBS_R
High Gain Antenna Azimuth,170,0.041563913,0.0415639156600906,1.0,OBS_R
High Gain Antenna elevation,170,0.38188586,0.3818858844406966,1.0,OBS_R
Radial Distance from Sun,180,0.06090161,0.0609016127405725,1.0,OBS_R
Electronic Box Temperature,180,0.050770786,0.0507707882846854,1.0,OBS_R
Outboard Sensor Temperature,180,0.066177584,0.0661775869779914,1.0,OBS_R
Inboard Sensor Temperature,180,0.15637846,0.156378467037031,1.0,OBS_R
Outboard Sensor minus Inboard Sensor Temp.,180,0.102119066,0.1021190705953581,1.0,OBS_R
Heater Dutycycle,180,0.047513243,0.047513245138096,1.0,OBS_R
Search Coil Magnetometer's Temperature,180,0.110087045,0.1100870499539172,1.0,OBS_R
Solar Array's Angle,180,0.013640571,0.0136405716138257,1.0,OBS_R
High Gain Antenna Azimuth,180,0.04426926,0.0442692619921167,1.0,OBS_R
High Gain Antenna elevation,180,0.34814233,0.3481423456664055,1.0,OBS_R
Radial Distance from Sun,10,0.049083102,0.0490831043069059,1.0,OBS_T
Electronic Box Temperature,10,0.050297342,0.0502973443639751,1.0,OBS_T
Outboard Sensor Temperature,10,0.1396494,0.1396494065635221,1.0,OBS_T
Inboard Sensor Temperature,10,0.0989347,0.0989347046499311,1.0,OBS_T
Outboard Sensor minus Inboard Sensor Temp.,10,0.07642587,0.076425873592016,1.0,OBS_T
Heater Dutycycle,10,0.28784105,0.2878410635285299,1.0,OBS_T
Search Coil Magnetometer's Temperature,10,0.02591467,0.0259146712179895,1.0,OBS_T
Solar Array's Angle,10,0.015671609,0.0156716097365656,1.0,OBS_T
High Gain Antenna Azimuth,10,0.13418825,0.134188256306848,1.0,OBS_T
High Gain Antenna elevation,10,0.12199396,0.1219939657337163,1.0,OBS_T
Radial Distance from Sun,20,0.11961519,0.1196151890430784,1.0,OBS_T
Electronic Box Temperature,20,0.04692976,0.0469297596245619,1.0,OBS_T
Solar Wind Analyser temperature,20,0.012916147,0.0129161468966708,1.0,OBS_T
Outboard Sensor Temperature,20,0.08731426,0.0873142593014859,1.0,OBS_T
Inboard Sensor Temperature,20,0.044762366,0.044762365641901,1.0,OBS_T
Outboard Sensor minus Inboard Sensor Temp.,20,0.031644,0.031643999746848,1.0,OBS_T
Heater Dutycycle,20,0.37804753,0.3780475269756198,1.0,OBS_T
Search Coil Magnetometer's Temperature,20,0.028959975,0.0289599747683202,1.0,OBS_T
High Gain Antenna Azimuth,20,0.16457736,0.1645773586833811,1.0,OBS_T
High Gain Antenna elevation,20,0.08523342,0.0852334193181326,1.0,OBS_T
Radial Distance from Sun,30,0.1126046,0.1126046050672072,1.0,OBS_T
Electronic Box Temperature,30,0.044737574,0.0447375760131909,1.0,OBS_T
Solar Wind Analyser temperature,30,0.024932453,0.0249324541219604,1.0,OBS_T
Outboard Sensor Temperature,30,0.0714909,0.0714909032170906,1.0,OBS_T
Outboard Sensor minus Inboard Sensor Temp.,30,0.026410569,0.0264105701884756,1.0,OBS_T
Heater Dutycycle,30,0.4420387,0.4420387198917423,1.0,OBS_T
Search Coil Magnetometer's Temperature,30,0.036746763,0.0367467646536044,1.0,OBS_T
Solar Array's Angle,30,0.005307471,0.0053074712388362,1.0,OBS_T
High Gain Antenna Azimuth,30,0.104646675,0.1046466797091005,1.0,OBS_T
High Gain Antenna elevation,30,0.13108425,0.1310842558987915,1.0,OBS_T
Radial Distance from Sun,40,0.1006847,0.1006846946637111,1.0,OBS_T
Electronic Box Temperature,40,0.04915567,0.0491556673947496,1.0,OBS_T
Solar Wind Analyser temperature,40,0.034280457,0.0342804551831358,1.0,OBS_T
Outboard Sensor Temperature,40,0.07220272,0.072202716173256,1.0,OBS_T
Outboard Sensor minus Inboard Sensor Temp.,40,0.05615737,0.0561573670236595,1.0,OBS_T
Heater Dutycycle,40,0.4081692,0.4081691783670336,1.0,OBS_T
Search Coil Magnetometer's Temperature,40,0.03794752,0.0379475179887815,1.0,OBS_T
Solar Array's Angle,40,0.010712646,0.0107126454322297,1.0,OBS_T
High Gain Antenna Azimuth,40,0.13369715,0.1336971429140514,1.0,OBS_T
High Gain Antenna elevation,40,0.09699262,0.0969926148593914,1.0,OBS_T
Radial Distance from Sun,50,0.11840078,0.1184007710015414,1.0,OBS_T
Electronic Box Temperature,50,0.06289997,0.0628999652196026,1.0,OBS_T
Solar Wind Analyser temperature,50,0.04289615,0.0428961467398928,1.0,OBS_T
Outboard Sensor Temperature,50,0.10711605,0.1071160418591808,1.0,OBS_T
Outboard Sensor minus Inboard Sensor Temp.,50,0.056271724,0.0562717197233493,1.0,OBS_T
Heater Dutycycle,50,0.30027518,0.300275157179088,1.0,OBS_T
Search Coil Magnetometer's Temperature,50,0.03892832,0.0389283170414479,1.0,OBS_T
Solar Array's Angle,50,0.017549602,0.0175496006662303,1.0,OBS_T
High Gain Antenna Azimuth,50,0.17851025,0.178510236433222,1.0,OBS_T
High Gain Antenna elevation,50,0.07715205,0.0771520441364446,1.0,OBS_T
Radial Distance from Sun,60,0.08129668,0.0812966831705706,1.0,OBS_T
Electronic Box Temperature,60,0.08360087,0.083600873260434,1.0,OBS_T
Solar Wind Analyser temperature,60,0.028539974,0.028539975113059,1.0,OBS_T
Outboard Sensor Temperature,60,0.047475,0.047475001851525,1.0,OBS_T
Inboard Sensor Temperature,60,0.1124629,0.1124629043860532,1.0,OBS_T
Outboard Sensor minus Inboard Sensor Temp.,60,0.106122345,0.1061223491387716,1.0,OBS_T
Heater Dutycycle,60,0.21478032,0.2147803283764328,1.0,OBS_T
Search Coil Magnetometer's Temperature,60,0.030965552,0.0309655532076565,1.0,OBS_T
High Gain Antenna Azimuth,60,0.21210371,0.212103718272045,1.0,OBS_T
High Gain Antenna elevation,60,0.08265261,0.0826526132234519,1.0,OBS_T
Radial Distance from Sun,70,0.059445497,0.0594454953949716,1.0,OBS_T
Electronic Box Temperature,70,0.10268121,0.1026812072276074,1.0,OBS_T
Solar Wind Analyser temperature,70,0.042389218,0.0423892168554911,1.0,OBS_T
Outboard Sensor Temperature,70,0.04141107,0.0414110688819011,1.0,OBS_T
Inboard Sensor Temperature,70,0.05120388,0.0512038786174952,1.0,OBS_T
Outboard Sensor minus Inboard Sensor Temp.,70,0.22022024,0.2202202340540537,1.0,OBS_T
Heater Dutycycle,70,0.12989388,0.1298938764928653,1.0,OBS_T
Search Coil Magnetometer's Temperature,70,0.038240932,0.0382409309674948,1.0,OBS_T
High Gain Antenna Azimuth,70,0.19261625,0.1926162447993613,1.0,OBS_T
High Gain Antenna elevation,70,0.12189785,0.1218978467087581,1.0,OBS_T
Radial Distance from Sun,80,0.08953451,0.0895345108058106,1.0,OBS_T
Electronic Box Temperature,80,0.07914534,0.079145340712308,1.0,OBS_T
Outboard Sensor Temperature,80,0.03808855,0.0380885503427969,1.0,OBS_T
Inboard Sensor Temperature,80,0.07032991,0.0703299106329691,1.0,OBS_T
Outboard Sensor minus Inboard Sensor Temp.,80,0.10381295,0.1038129509343165,1.0,OBS_T
Heater Dutycycle,80,0.19945255,0.1994525517950729,1.0,OBS_T
Search Coil Magnetometer's Temperature,80,0.025511231,0.025511231229601,1.0,OBS_T
Solar Array's Angle,80,0.03282992,0.0328299202954692,1.0,OBS_T
High Gain Antenna Azimuth,80,0.22647037,0.2264703720382333,1.0,OBS_T
High Gain Antenna elevation,80,0.13482466,0.1348246612134219,1.0,OBS_T
Radial Distance from Sun,90,0.11185078,0.11185078570439,1.0,OBS_T
Electronic Box Temperature,90,0.078777455,0.0787774590176504,1.0,OBS_T
Solar Wind Analyser temperature,90,0.054458067,0.0544580697773615,1.0,OBS_T
Inboard Sensor Temperature,90,0.072698146,0.0726981497076056,1.0,OBS_T
Outboard Sensor minus Inboard Sensor Temp.,90,0.037167072,0.0371670738955207,1.0,OBS_T
Heater Dutycycle,90,0.28350744,0.2835074544588802,1.0,OBS_T
Search Coil Magnetometer's Temperature,90,0.022576034,0.0225760351513777,1.0,OBS_T
Solar Array's Angle,90,0.023650195,0.02365019620616,1.0,OBS_T
High Gain Antenna Azimuth,90,0.18060802,0.1806080292110095,1.0,OBS_T
High Gain Antenna elevation,90,0.13470674,0.134706746870044,1.0,OBS_T
Radial Distance from Sun,100,0.10394442,0.1039444178171672,1.0,OBS_T
Electronic Box Temperature,100,0.08002348,0.0800234783195069,1.0,OBS_T
Solar Wind Analyser temperature,100,0.045961592,0.0459615910348065,1.0,OBS_T
Inboard Sensor Temperature,100,0.09012862,0.090128618107299,1.0,OBS_T
Outboard Sensor minus Inboard Sensor Temp.,100,0.03642962,0.036429619234978,1.0,OBS_T
Heater Dutycycle,100,0.2752846,0.2752845942190235,1.0,OBS_T
Search Coil Magnetometer's Temperature,100,0.021437338,0.0214373375498159,1.0,OBS_T
Solar Array's Angle,100,0.030143421,0.0301434203669881,1.0,OBS_T
High Gain Antenna Azimuth,100,0.15219426,0.1521942568039206,1.0,OBS_T
High Gain Antenna elevation,100,0.16445267,0.164452666546494,1.0,OBS_T
Radial Distance from Sun,110,0.10315793,0.1031579201999975,1.0,OBS_T
Electronic Box Temperature,110,0.082605615,0.0826056071524673,1.0,OBS_T
Solar Wind Analyser temperature,110,0.05692558,0.0569255745920704,1.0,OBS_T
Inboard Sensor Temperature,110,0.09030453,0.0903045214210704,1.0,OBS_T
Outboard Sensor minus Inboard Sensor Temp.,110,0.03418741,0.0341874067521963,1.0,OBS_T
Heater Dutycycle,110,0.30392158,0.3039215511274526,1.0,OBS_T
Search Coil Magnetometer's Temperature,110,0.04170339,0.0417033860381783,1.0,OBS_T
Solar Array's Angle,110,0.05064058,0.0506405751891453,1.0,OBS_T
High Gain Antenna Azimuth,110,0.10252974,0.1025297302596756,1.0,OBS_T
High Gain Antenna elevation,110,0.13402374,0.1340237272677459,1.0,OBS_T
Radial Distance from Sun,120,0.083990075,0.0839900718083772,1.0,OBS_T
Electronic Box Temperature,120,0.07127673,0.0712767272914843,1.0,OBS_T
Solar Wind Analyser temperature,120,0.046232592,0.0462325902431615,1.0,OBS_T
Inboard Sensor Temperature,120,0.09584806,0.0958480563577738,1.0,OBS_T
Outboard Sensor minus Inboard Sensor Temp.,120,0.05481127,0.0548112679171718,1.0,OBS_T
Heater Dutycycle,120,0.3246595,0.3246594876629394,1.0,OBS_T
Search Coil Magnetometer's Temperature,120,0.04001082,0.0400108184795889,1.0,OBS_T
Solar Array's Angle,120,0.026107341,0.026107340007921,1.0,OBS_T
High Gain Antenna Azimuth,120,0.10189851,0.1018985061278567,1.0,OBS_T
High Gain Antenna elevation,120,0.15516514,0.1551651341037249,1.0,OBS_T
Radial Distance from Sun,130,0.07917326,0.0791732512117691,1.0,OBS_T
Electronic Box Temperature,130,0.09389836,0.0938983495772831,1.0,OBS_T
Outboard Sensor Temperature,130,0.013139097,0.0131390955415603,1.0,OBS_T
Inboard Sensor Temperature,130,0.12825349,0.1282534757638641,1.0,OBS_T
Outboard Sensor minus Inboard Sensor Temp.,130,0.057145383,0.0571453766568631,1.0,OBS_T
Heater Dutycycle,130,0.30344528,0.3034452463175776,1.0,OBS_T
Search Coil Magnetometer's Temperature,130,0.03403559,0.0340355862220499,1.0,OBS_T
Solar Array's Angle,130,0.010020731,0.0100207298876989,1.0,OBS_T
High Gain Antenna Azimuth,130,0.12912716,0.1291271456668868,1.0,OBS_T
High Gain Antenna elevation,130,0.15176176,0.1517617431544465,1.0,OBS_T
Radial Distance from Sun,140,0.051221333,0.0512213329487786,1.0,OBS_T
Electronic Box Temperature,140,0.110893145,0.1108931448891068,1.0,OBS_T
Solar Wind Analyser temperature,140,0.03359572,0.0335957199664042,1.0,OBS_T
Outboard Sensor Temperature,140,0.025521567,0.0255215669744784,1.0,OBS_T
Inboard Sensor Temperature,140,0.08203167,0.0820316699179683,1.0,OBS_T
Outboard Sensor minus Inboard Sensor Temp.,140,0.062425274,0.0624252739375747,1.0,OBS_T
Heater Dutycycle,140,0.2945123,0.2945122997054877,1.0,OBS_T
Search Coil Magnetometer's Temperature,140,0.027799712,0.0277997119722002,1.0,OBS_T
High Gain Antenna Azimuth,140,0.20443471,0.2044347097955652,1.0,OBS_T
High Gain Antenna elevation,140,0.10756457,0.1075645698924354,1.0,OBS_T
Radial Distance from Sun,150,0.060712956,0.060712955939287,1.0000000000000002,OBS_T
Electronic Box Temperature,150,0.10170737,0.1017073698982926,1.0000000000000002,OBS_T
Solar Wind Analyser temperature,150,0.04488483,0.0448848299551151,1.0000000000000002,OBS_T
Outboard Sensor Temperature,150,0.019381346,0.0193813459806186,1.0000000000000002,OBS_T
Inboard Sensor Temperature,150,0.048600443,0.0486004429513995,1.0000000000000002,OBS_T
Outboard Sensor minus Inboard Sensor Temp.,150,0.0628432,0.0628431999371568,1.0000000000000002,OBS_T
Heater Dutycycle,150,0.27670366,0.2767036597232964,1.0000000000000002,OBS_T
Search Coil Magnetometer's Temperature,150,0.034456536,0.0344565359655434,1.0000000000000002,OBS_T
High Gain Antenna Azimuth,150,0.17764346,0.1776434598223565,1.0000000000000002,OBS_T
High Gain Antenna elevation,150,0.1730662,0.1730661998269338,1.0000000000000002,OBS_T
Radial Distance from Sun,160,0.055144213,0.0551442134411537,1.0,OBS_T
Electronic Box Temperature,160,0.07217744,0.0721774405774195,1.0,OBS_T
Solar Wind Analyser temperature,160,0.0565295,0.056529500452236,1.0,OBS_T
Outboard Sensor Temperature,160,0.02222926,0.022229260177834,1.0,OBS_T
Inboard Sensor Temperature,160,0.029341115,0.0293411152347289,1.0,OBS_T
Outboard Sensor minus Inboard Sensor Temp.,160,0.06377706,0.0637770605102164,1.0,OBS_T
Heater Dutycycle,160,0.23614189,0.2361418918891351,1.0,OBS_T
Search Coil Magnetometer's Temperature,160,0.035177544,0.0351775442814203,1.0,OBS_T
High Gain Antenna Azimuth,160,0.18553007,0.1855300714842405,1.0,OBS_T
High Gain Antenna elevation,160,0.2439519,0.2439519019516152,1.0,OBS_T
Electronic Box Temperature,170,0.085555635,0.0855556380800029,1.0,OBS_T
Solar Wind Analyser temperature,170,0.050715175,0.0507151768257463,1.0,OBS_T
Outboard Sensor Temperature,170,0.035129104,0.0351291052646477,1.0,OBS_T
Inboard Sensor Temperature,170,0.040054098,0.0400540994419475,1.0,OBS_T
Outboard Sensor minus Inboard Sensor Temp.,170,0.043797605,0.0437976065767138,1.0,OBS_T
Heater Dutycycle,170,0.11111602,0.1111160240001768,1.0,OBS_T
Search Coil Magnetometer's Temperature,170,0.03791254,0.0379125413648514,1.0,OBS_T
Solar Array's Angle,170,0.007775047,0.0077750472799017,1.0,OBS_T
High Gain Antenna Azimuth,170,0.16390508,0.1639050859005831,1.0,OBS_T
High Gain Antenna elevation,170,0.42403966,0.4240396752654282,1.0,OBS_T
Radial Distance from Sun,180,0.07041039,0.070410388380561,1.0,OBS_T
Electronic Box Temperature,180,0.096050754,0.0960507517908327,1.0,OBS_T
Solar Wind Analyser temperature,180,0.03893656,0.0389365591044591,1.0,OBS_T
Outboard Sensor Temperature,180,0.033795796,0.0337957952226967,1.0,OBS_T
Inboard Sensor Temperature,180,0.03770636,0.0377063591327537,1.0,OBS_T
Outboard Sensor minus Inboard Sensor Temp.,180,0.038961843,0.0389618421038776,1.0,OBS_T
Heater Dutycycle,180,0.062368672,0.0623686705655205,1.0,OBS_T
Search Coil Magnetometer's Temperature,180,0.032590028,0.0325900272504293,1.0,OBS_T
High Gain Antenna Azimuth,180,0.10873282,0.1087328174991452,1.0,OBS_T
High Gain Antenna elevation,180,0.4804468,0.4804467889497239,1.0,OBS_T
